Author A,Author B,S(A and B),S(A),S(B),A => B confidence,B => A confidence,Jaccard,Cosine,Kulc,IR,years
Lefei Zhang,Du Bo,31,41,117,0.7560975609756098,0.26495726495726496,0.2440944881889764,0.44758635121835033,0.5105274129664373,0.5984251968503937,"{2015: 4, 2016: 8, 2017: 10, 2019: 8, 2020: 1}"
Xin Huang,Liangpei Zhang,30,33,267,0.9090909090909091,0.11235955056179775,0.1111111111111111,0.31960138605029653,0.5107252298263534,0.8666666666666667,"{2013: 5, 2014: 10, 2015: 7, 2016: 6, 2017: 1, 2018: 1}"
Aaron C. Courville,Yoshua Bengio,34,34,113,1.0,0.3008849557522124,0.3008849557522124,0.5485298130021853,0.6504424778761062,0.6991150442477876,"{2013: 9, 2014: 1, 2015: 10, 2016: 6, 2017: 3, 2018: 3, 2019: 2}"
Didier Dubois,Henri Prade,59,59,71,1.0,0.8309859154929577,0.8309859154929577,0.9115842887484171,0.9154929577464789,0.16901408450704225,"{2013: 25, 2014: 5, 2015: 10, 2016: 7, 2017: 6, 2018: 4, 2019: 2}"
Henri Prade,Didier Dubois,59,71,59,0.8309859154929577,1.0,0.8309859154929577,0.9115842887484171,0.9154929577464789,0.16901408450704225,"{2013: 25, 2014: 5, 2015: 10, 2016: 7, 2017: 6, 2018: 4, 2019: 2}"
Jie Li,Xinbo Gao,69,71,179,0.971830985915493,0.3854748603351955,0.3812154696132597,0.6120591585502092,0.6786529231253442,0.5966850828729282,"{2013: 3, 2014: 4, 2015: 6, 2016: 13, 2017: 10, 2018: 15, 2019: 16, 2020: 2}"
Nannan Wang,Xinbo Gao,44,45,179,0.9777777777777777,0.24581005586592178,0.24444444444444444,0.49025259834090873,0.6117939168218498,0.7444444444444445,"{2013: 2, 2014: 3, 2015: 4, 2016: 8, 2017: 6, 2018: 8, 2019: 10, 2021: 1, 2022: 2}"
Nannan Wang,Jie Li,32,45,71,0.7111111111111111,0.4507042253521127,0.38095238095238093,0.5661278852632269,0.5809076682316119,0.30952380952380953,"{2013: 2, 2014: 2, 2015: 4, 2016: 6, 2017: 6, 2018: 6, 2019: 6}"
Zhigang Ma,Yi Yang,20,25,144,0.8,0.1388888888888889,0.1342281879194631,0.3333333333333333,0.46944444444444444,0.7986577181208053,"{2013: 6, 2014: 8, 2015: 2, 2017: 3, 2018: 1}"
Tao Yang,Yanning Zhang,24,25,134,0.96,0.1791044776119403,0.17777777777777778,0.41465684427905286,0.5695522388059702,0.8074074074074075,"{2013: 4, 2014: 1, 2015: 5, 2016: 9, 2017: 2, 2018: 2, 2019: 1}"
Shutao Li,Jon Atli Benediktsson,22,30,92,0.7333333333333333,0.2391304347826087,0.22,0.4187628431947845,0.486231884057971,0.62,"{2013: 1, 2014: 5, 2015: 4, 2016: 3, 2017: 5, 2018: 2, 2019: 2}"
Lingfeng Wang,Chunhong Pan,30,30,114,1.0,0.2631578947368421,0.2631578947368421,0.5129891760425771,0.631578947368421,0.7368421052631579,"{2013: 5, 2014: 5, 2015: 3, 2016: 2, 2017: 6, 2018: 5, 2019: 3, 2022: 1}"
Furu Wei,Ming Zhou,39,42,116,0.9285714285714286,0.33620689655172414,0.3277310924369748,0.5587415486847215,0.6323891625615764,0.6218487394957983,"{2013: 4, 2014: 5, 2015: 8, 2016: 5, 2017: 4, 2018: 11, 2019: 2}"
Jun Li,Javier Plaza,38,46,102,0.8260869565217391,0.37254901960784315,0.34545454545454546,0.5547593043500946,0.5993179880647912,0.509090909090909,"{2013: 4, 2014: 4, 2015: 9, 2016: 10, 2017: 4, 2018: 4, 2019: 3}"
Palaiahnakote Shivakumara,Pal Umapada,28,28,84,1.0,0.3333333333333333,0.3333333333333333,0.5773502691896257,0.6666666666666666,0.6666666666666666,"{2013: 3, 2014: 3, 2015: 4, 2016: 4, 2017: 2, 2018: 9, 2019: 3}"
Yap-Peng Tan,Jiwen Lu,30,38,131,0.7894736842105263,0.22900763358778625,0.2158273381294964,0.4252005411577976,0.5092406588991563,0.6690647482014388,"{2013: 12, 2014: 5, 2015: 3, 2016: 3, 2017: 3, 2018: 3, 2020: 1}"
Jinjian Wu,Guangming Shi,43,53,108,0.8113207547169812,0.39814814814814814,0.3644067796610169,0.5683536364313366,0.6047344514325647,0.4661016949152542,"{2013: 4, 2014: 4, 2015: 4, 2016: 7, 2017: 8, 2018: 7, 2019: 8, 2022: 1}"
Satoshi Nakamura,Sakriani Sakti,70,103,71,0.6796116504854369,0.9859154929577465,0.6730769230769231,0.8185595002247407,0.8327635717215918,0.3076923076923077,"{2013: 3, 2014: 15, 2015: 18, 2016: 10, 2017: 4, 2018: 16, 2019: 4}"
Sakriani Sakti,Satoshi Nakamura,70,71,103,0.9859154929577465,0.6796116504854369,0.6730769230769231,0.8185595002247407,0.8327635717215918,0.3076923076923077,"{2013: 3, 2014: 15, 2015: 18, 2016: 10, 2017: 4, 2018: 16, 2019: 4}"
Tomoki Toda,Satoshi Nakamura,46,51,103,0.9019607843137255,0.44660194174757284,0.42592592592592593,0.6346790036346511,0.6742813630306492,0.48148148148148145,"{2013: 2, 2014: 15, 2015: 20, 2016: 6, 2017: 1, 2018: 2}"
Tomoki Toda,Graham Neubig,42,51,84,0.8235294117647058,0.5,0.45161290322580644,0.641688947919748,0.6617647058823529,0.3548387096774194,"{2013: 2, 2014: 18, 2015: 17, 2016: 4, 2018: 1}"
Tomoki Toda,Sakriani Sakti,38,51,71,0.7450980392156863,0.5352112676056338,0.4523809523809524,0.6314941536222641,0.64015465341066,0.23809523809523808,"{2013: 2, 2014: 14, 2015: 17, 2016: 4, 2018: 1}"
Weidong Cai,Dagan Feng,50,62,169,0.8064516129032258,0.2958579881656805,0.27624309392265195,0.4884620269238096,0.5511548005344531,0.5911602209944752,"{2013: 12, 2014: 6, 2015: 9, 2016: 10, 2017: 4, 2018: 8, 2019: 1}"
Yang Song,Weidong Cai,38,43,62,0.8837209302325582,0.6129032258064516,0.5671641791044776,0.7359588363843544,0.748312078019505,0.2835820895522388,"{2013: 9, 2014: 2, 2015: 6, 2016: 7, 2017: 4, 2018: 8, 2019: 1, 2020: 1}"
Weidong Cai,Yang Song,38,62,43,0.6129032258064516,0.8837209302325582,0.5671641791044776,0.7359588363843544,0.748312078019505,0.2835820895522388,"{2013: 9, 2014: 2, 2015: 6, 2016: 7, 2017: 4, 2018: 8, 2019: 1, 2020: 1}"
Yang Song,Dagan Feng,38,43,169,0.8837209302325582,0.22485207100591717,0.21839080459770116,0.4457650517414598,0.5542865006192377,0.7241379310344828,"{2013: 9, 2014: 3, 2015: 6, 2016: 7, 2017: 4, 2018: 7, 2019: 2}"
Cheng Wang,Jonathan Li,24,25,81,0.96,0.2962962962962963,0.2926829268292683,0.5333333333333333,0.6281481481481481,0.6829268292682927,"{2014: 2, 2015: 4, 2016: 2, 2017: 1, 2018: 5, 2019: 6, 2020: 1, 2022: 3}"
Eng Siong Chng,Haizhou Li,51,52,127,0.9807692307692307,0.4015748031496063,0.3984375,0.6275764581159371,0.6911720169594185,0.5859375,"{2013: 9, 2014: 13, 2015: 14, 2016: 7, 2017: 6, 2018: 1, 2019: 1}"
Xiong Xiao,Haizhou Li,30,30,127,1.0,0.23622047244094488,0.23622047244094488,0.48602517675625084,0.6181102362204725,0.7637795275590551,"{2013: 5, 2014: 5, 2015: 10, 2016: 8, 2017: 2}"
Xiong Xiao,Eng Siong Chng,29,30,52,0.9666666666666667,0.5576923076923077,0.5471698113207547,0.7342360411356583,0.7621794871794871,0.41509433962264153,"{2013: 5, 2014: 5, 2015: 10, 2016: 7, 2017: 2}"
Thanh Minh Nguyen,Q. M. Jonathan Wu,32,32,82,1.0,0.3902439024390244,0.3902439024390244,0.6246950475544243,0.6951219512195121,0.6097560975609756,"{2013: 16, 2014: 7, 2015: 6, 2016: 3}"
Wei Wei,Yanning Zhang,26,28,134,0.9285714285714286,0.19402985074626866,0.19117647058823528,0.4244650464914205,0.5613006396588487,0.7794117647058824,"{2013: 2, 2014: 5, 2015: 2, 2016: 7, 2017: 7, 2019: 2, 2020: 1}"
Dimitris Metaxas,Shaoting Zhang,45,75,46,0.6,0.9782608695652174,0.5921052631578947,0.7661308776828737,0.7891304347826087,0.3815789473684211,"{2013: 15, 2014: 4, 2015: 10, 2016: 11, 2017: 3, 2018: 1, 2019: 1}"
Shaoting Zhang,Dimitris Metaxas,45,46,75,0.9782608695652174,0.6,0.5921052631578947,0.7661308776828737,0.7891304347826087,0.3815789473684211,"{2013: 15, 2014: 4, 2015: 10, 2016: 11, 2017: 3, 2018: 1, 2019: 1}"
Liang Wang,Tieniu Tan,36,38,134,0.9473684210526315,0.26865671641791045,0.2647058823529412,0.5044966692040894,0.608012568735271,0.7058823529411765,"{2013: 6, 2014: 4, 2015: 1, 2016: 8, 2017: 4, 2018: 5, 2019: 4, 2020: 1, 2022: 3}"
Ran He,Tieniu Tan,31,36,134,0.8611111111111112,0.23134328358208955,0.22302158273381295,0.44633201988370275,0.5462271973466004,0.7050359712230215,"{2013: 6, 2014: 4, 2015: 3, 2016: 5, 2017: 3, 2018: 5, 2019: 5}"
Ran He,Zhenan Sun,23,36,57,0.6388888888888888,0.40350877192982454,0.32857142857142857,0.5077374035416001,0.5211988304093567,0.3,"{2013: 5, 2014: 2, 2015: 2, 2016: 4, 2017: 4, 2018: 2, 2019: 4}"
Di Huang,Yunhong Wang,58,59,111,0.9830508474576272,0.5225225225225225,0.5178571428571429,0.7167051057314039,0.7527866849900748,0.4642857142857143,"{2013: 9, 2014: 7, 2015: 10, 2016: 8, 2017: 5, 2018: 7, 2019: 9, 2020: 2, 2021: 1}"
Dinh Phung,Svetha Venkatesh,76,110,123,0.6909090909090909,0.6178861788617886,0.4840764331210191,0.6533782810307444,0.6543976348854398,0.08280254777070063,"{2013: 12, 2014: 11, 2015: 20, 2016: 22, 2017: 8, 2018: 3}"
Svetha Venkatesh,Dinh Phung,76,123,110,0.6178861788617886,0.6909090909090909,0.4840764331210191,0.6533782810307444,0.6543976348854398,0.08280254777070063,"{2013: 12, 2014: 11, 2015: 20, 2016: 22, 2017: 8, 2018: 3}"
Jing Liu,Hanqing Lu,43,57,140,0.7543859649122807,0.30714285714285716,0.2792207792207792,0.4813566875526184,0.5307644110275689,0.538961038961039,"{2013: 9, 2014: 9, 2015: 11, 2016: 2, 2017: 4, 2018: 3, 2019: 3, 2020: 1, 2021: 1}"
Zhenan Sun,Tieniu Tan,54,57,134,0.9473684210526315,0.40298507462686567,0.39416058394160586,0.6178797082418476,0.6751767478397486,0.5620437956204379,"{2013: 12, 2014: 7, 2015: 4, 2016: 8, 2017: 9, 2018: 9, 2019: 5}"
Manuel Jorge Cardoso,Sébastien Ourselin,28,30,87,0.9333333333333333,0.3218390804597701,0.3146067415730337,0.5480722048803899,0.6275862068965518,0.6404494382022472,"{2013: 5, 2014: 9, 2015: 8, 2016: 1, 2017: 3, 2018: 1, 2019: 1}"
Jiafeng Guo,Xueqi Cheng,53,53,104,1.0,0.5096153846153846,0.5096153846153846,0.7138735074334841,0.7548076923076923,0.49038461538461536,"{2013: 7, 2014: 5, 2015: 9, 2016: 9, 2017: 4, 2018: 7, 2019: 6, 2020: 2, 2021: 2, 2022: 2}"
Siwei Ma,Wen Gao,78,130,208,0.6,0.375,0.3,0.4743416490252569,0.4875,0.3,"{2013: 11, 2014: 9, 2015: 19, 2016: 9, 2017: 14, 2018: 7, 2019: 9}"
Xiang Zhang,Siwei Ma,26,26,130,1.0,0.2,0.2,0.4472135954999579,0.6,0.8,"{2013: 2, 2015: 7, 2016: 6, 2017: 4, 2018: 5, 2019: 2}"
Xiang Zhang,Shiqi Wang,21,26,121,0.8076923076923077,0.17355371900826447,0.16666666666666666,0.3744035307183513,0.4906230133502861,0.753968253968254,"{2013: 2, 2015: 7, 2016: 5, 2017: 4, 2018: 2, 2019: 1}"
Salvador García,Francisco Herrera,29,29,167,1.0,0.17365269461077845,0.17365269461077845,0.41671656387858935,0.5868263473053892,0.8263473053892215,"{2013: 3, 2014: 2, 2015: 2, 2016: 3, 2017: 4, 2018: 11, 2019: 3, 2020: 1}"
Julián Luengo,Francisco Herrera,21,21,167,1.0,0.12574850299401197,0.12574850299401197,0.3546103537603097,0.562874251497006,0.874251497005988,"{2013: 4, 2014: 5, 2015: 2, 2016: 2, 2017: 2, 2018: 1, 2019: 4, 2020: 1}"
Anton van den Hengel,Chunhua Shen,52,59,100,0.8813559322033898,0.52,0.48598130841121495,0.6769823371002841,0.7006779661016949,0.38317757009345793,"{2013: 12, 2014: 4, 2015: 7, 2016: 11, 2017: 6, 2018: 7, 2019: 4, 2020: 1}"
Fuchun Sun,Huaping Liu,70,99,71,0.7070707070707071,0.9859154929577465,0.7,0.8349323114585987,0.8464931000142268,0.28,"{2013: 5, 2014: 11, 2015: 7, 2016: 7, 2017: 11, 2018: 9, 2019: 17, 2020: 2, 2022: 1}"
Huaping Liu,Fuchun Sun,70,71,99,0.9859154929577465,0.7070707070707071,0.7,0.8349323114585987,0.8464931000142268,0.28,"{2013: 5, 2014: 11, 2015: 7, 2016: 7, 2017: 11, 2018: 9, 2019: 17, 2020: 2, 2022: 1}"
Shikui Wei,Yao Zhao,33,33,151,1.0,0.2185430463576159,0.2185430463576159,0.4674858782440555,0.609271523178808,0.7814569536423841,"{2013: 6, 2014: 2, 2015: 6, 2016: 2, 2017: 6, 2018: 5, 2019: 4, 2021: 2}"
Mauro Dalla Mura,Jocelyn Chanussot,32,42,98,0.7619047619047619,0.32653061224489793,0.2962962962962963,0.49878374911083967,0.5442176870748299,0.5185185185185185,"{2013: 2, 2014: 3, 2015: 7, 2016: 7, 2017: 6, 2018: 2, 2019: 5}"
Zixing Zhang,Björn W. Schuller,33,33,122,1.0,0.27049180327868855,0.27049180327868855,0.5200882648923051,0.6352459016393442,0.7295081967213115,"{2013: 3, 2014: 4, 2015: 3, 2016: 2, 2017: 6, 2018: 7, 2019: 6, 2020: 1, 2021: 1}"
Jun Deng,Björn W. Schuller,20,20,122,1.0,0.16393442622950818,0.16393442622950818,0.404888165089458,0.5819672131147541,0.8360655737704918,"{2013: 2, 2014: 5, 2015: 2, 2016: 1, 2017: 5, 2018: 3, 2019: 1, 2020: 1}"
Zhiyong Wang,Dagan Feng,29,31,169,0.9354838709677419,0.17159763313609466,0.1695906432748538,0.400657981444344,0.5535407520519182,0.8070175438596491,"{2013: 8, 2014: 4, 2015: 1, 2016: 1, 2017: 3, 2018: 4, 2019: 4, 2020: 4}"
Ming Shao,Yun Fu,42,42,150,1.0,0.28,0.28,0.5291502622129182,0.64,0.72,"{2013: 6, 2014: 3, 2015: 5, 2016: 8, 2017: 5, 2018: 10, 2019: 4, 2020: 1}"
Junjun Jiang,Ruimin Hu,38,42,115,0.9047619047619048,0.33043478260869563,0.31932773109243695,0.5467767399155065,0.6175983436853002,0.6134453781512605,"{2013: 10, 2014: 10, 2015: 4, 2016: 7, 2017: 3, 2018: 2, 2019: 2}"
Zhen Han,Ruimin Hu,25,25,115,1.0,0.21739130434782608,0.21739130434782608,0.4662524041201569,0.6086956521739131,0.782608695652174,"{2013: 10, 2014: 8, 2015: 1, 2016: 3, 2017: 2, 2018: 1}"
Zhen Han,Junjun Jiang,21,25,42,0.84,0.5,0.45652173913043476,0.6480740698407861,0.6699999999999999,0.3695652173913043,"{2013: 9, 2014: 8, 2015: 1, 2016: 2, 2017: 1}"
Joseph V. Hajnal,Daniel Rueckert,23,23,124,1.0,0.18548387096774194,0.18548387096774194,0.43067838460705443,0.592741935483871,0.8145161290322581,"{2013: 3, 2014: 5, 2015: 9, 2016: 2, 2018: 3, 2019: 1}"
Heung-Il Suk,Dinggang Shen,25,25,389,1.0,0.06426735218508997,0.06426735218508997,0.2535100632816969,0.532133676092545,0.9357326478149101,"{2013: 5, 2014: 9, 2015: 2, 2016: 4, 2017: 2, 2019: 2, 2020: 1}"
Wanxiang Che,Ting Liu,34,35,116,0.9714285714285714,0.29310344827586204,0.2905982905982906,0.5336000974881928,0.6322660098522167,0.6923076923076923,"{2013: 3, 2014: 9, 2015: 3, 2016: 8, 2017: 2, 2018: 2, 2020: 4, 2021: 3}"
Maja Pantic,Stefanos Zafeririou,37,42,86,0.8809523809523809,0.43023255813953487,0.4065934065934066,0.6156414512167426,0.6555924695459578,0.4835164835164835,"{2013: 10, 2014: 11, 2015: 6, 2016: 4, 2017: 6}"
Ahmad Taher Azar,Aboul Ella Hassanien,20,21,66,0.9523809523809523,0.30303030303030304,0.29850746268656714,0.5372153093502535,0.6277056277056277,0.6716417910447762,"{2013: 3, 2014: 11, 2015: 3, 2016: 1, 2018: 2}"
Wenjun Zhang,Xiaokang Yang,29,36,136,0.8055555555555556,0.21323529411764705,0.20279720279720279,0.4144549140943964,0.5093954248366013,0.6993006993006993,"{2013: 10, 2014: 4, 2015: 3, 2016: 7, 2017: 3, 2019: 2}"
Wenjun Zhang,Guangtao Zhai,23,36,108,0.6388888888888888,0.21296296296296297,0.19008264462809918,0.3688626719822609,0.42592592592592593,0.5950413223140496,"{2013: 8, 2014: 3, 2015: 2, 2016: 5, 2017: 3, 2019: 2}"
Wenjun Zhang,Ke Gu,22,36,76,0.6111111111111112,0.2894736842105263,0.24444444444444444,0.4205955120960299,0.45029239766081874,0.4444444444444444,"{2013: 8, 2014: 3, 2015: 2, 2016: 4, 2017: 4, 2019: 1}"
Jianru Xue,Nanning Zheng,23,29,125,0.7931034482758621,0.184,0.17557251908396945,0.3820092073272039,0.488551724137931,0.732824427480916,"{2013: 6, 2014: 7, 2015: 5, 2016: 1, 2017: 2, 2018: 1, 2019: 1}"
Qi Wang,Yuan Yuan,41,55,98,0.7454545454545455,0.41836734693877553,0.36607142857142855,0.5584566594152754,0.5819109461966605,0.38392857142857145,"{2013: 6, 2014: 11, 2015: 1, 2016: 2, 2017: 3, 2018: 9, 2019: 8, 2020: 1}"
Chang-Dong Wang,Jianhuang Lai,26,27,86,0.9629629629629629,0.3023255813953488,0.2988505747126437,0.5395630988493982,0.6326442721791559,0.6781609195402298,"{2013: 5, 2014: 5, 2016: 6, 2017: 4, 2018: 1, 2019: 5}"
Xiaoshuai Sun,Hongxun Yao,42,57,105,0.7368421052631579,0.4,0.35,0.5428967140306369,0.5684210526315789,0.4,"{2013: 5, 2014: 7, 2015: 5, 2016: 1, 2017: 11, 2018: 9, 2019: 4}"
Joachim Hornegger,Andreas Maier,42,43,77,0.9767441860465116,0.5454545454545454,0.5384615384615384,0.7299106493437193,0.7610993657505285,0.4358974358974359,"{2013: 4, 2014: 6, 2015: 14, 2016: 7, 2017: 4, 2018: 6, 2019: 1}"
Ioannis Pitas,Anastasios Tefas,88,102,117,0.8627450980392157,0.7521367521367521,0.6717557251908397,0.8055447200255982,0.8074409250879839,0.11450381679389313,"{2013: 17, 2014: 19, 2015: 24, 2016: 6, 2017: 5, 2018: 9, 2019: 7, 2020: 1}"
Anastasios Tefas,Ioannis Pitas,88,117,102,0.7521367521367521,0.8627450980392157,0.6717557251908397,0.8055447200255982,0.8074409250879839,0.11450381679389313,"{2013: 17, 2014: 19, 2015: 24, 2016: 6, 2017: 5, 2018: 9, 2019: 7, 2020: 1}"
Alexandros Iosifidis,Anastasios Tefas,49,75,117,0.6533333333333333,0.4188034188034188,0.34265734265734266,0.5230853024299513,0.5360683760683761,0.2937062937062937,"{2013: 10, 2014: 11, 2015: 13, 2016: 4, 2017: 6, 2018: 2, 2019: 3}"
Stan Z. Li,Zhen Lei,72,102,74,0.7058823529411765,0.972972972972973,0.6923076923076923,0.8287366599290356,0.8394276629570747,0.2692307692307692,"{2013: 12, 2014: 21, 2015: 11, 2016: 7, 2017: 3, 2018: 7, 2019: 10, 2020: 1}"
Zhen Lei,Stan Z. Li,72,74,102,0.972972972972973,0.7058823529411765,0.6923076923076923,0.8287366599290356,0.8394276629570747,0.2692307692307692,"{2013: 12, 2014: 21, 2015: 11, 2016: 7, 2017: 3, 2018: 7, 2019: 10, 2020: 1}"
Jie Zhou,Jiwen Lu,66,92,131,0.717391304347826,0.5038167938931297,0.42038216560509556,0.6011936351320863,0.6106040491204778,0.2484076433121019,"{2014: 1, 2015: 4, 2016: 4, 2017: 13, 2018: 17, 2019: 22, 2020: 2, 2021: 2, 2022: 1}"
Lei Guo,Tianming Liu,40,54,99,0.7407407407407407,0.40404040404040403,0.35398230088495575,0.5470732932414788,0.5723905723905723,0.39823008849557523,"{2013: 15, 2014: 7, 2015: 12, 2018: 5, 2019: 1}"
Lei Guo,Junwei Han,39,54,140,0.7222222222222222,0.2785714285714286,0.25161290322580643,0.4485426135725303,0.5003968253968254,0.5548387096774193,"{2013: 10, 2014: 9, 2015: 13, 2018: 6, 2019: 1}"
Tuo Zhang,Tianming Liu,32,32,99,1.0,0.32323232323232326,0.32323232323232326,0.5685352436149612,0.6616161616161617,0.6767676767676768,"{2013: 11, 2014: 3, 2015: 8, 2016: 5, 2018: 5}"
Tuo Zhang,Lei Guo,20,32,54,0.625,0.37037037037037035,0.30303030303030304,0.4811252243246881,0.4976851851851852,0.3333333333333333,"{2013: 8, 2014: 2, 2015: 7, 2018: 3}"
Hanbo Chen,Tianming Liu,27,27,99,1.0,0.2727272727272727,0.2727272727272727,0.5222329678670935,0.6363636363636364,0.7272727272727273,"{2013: 7, 2014: 4, 2015: 9, 2016: 1, 2017: 3, 2018: 3}"
Vishal M Patel,Rama Chellappa,40,40,76,1.0,0.5263157894736842,0.5263157894736842,0.7254762501100117,0.763157894736842,0.47368421052631576,"{2013: 7, 2014: 8, 2015: 16, 2016: 4, 2017: 4, 2018: 1}"
Yanfei Zhong,Liangpei Zhang,70,70,267,1.0,0.26217228464419473,0.26217228464419473,0.512027620977809,0.6310861423220974,0.7378277153558053,"{2013: 4, 2014: 13, 2015: 15, 2016: 21, 2017: 10, 2018: 6, 2019: 1}"
Bo Zhang,Jun Zhu,24,40,77,0.6,0.3116883116883117,0.25806451612903225,0.4324499820938683,0.45584415584415583,0.3978494623655914,"{2013: 5, 2014: 3, 2015: 3, 2016: 4, 2017: 4, 2018: 4, 2019: 1}"
Siliang Tang,Fei Wu,28,35,92,0.8,0.30434782608695654,0.2828282828282828,0.49343516379516894,0.5521739130434783,0.5757575757575758,"{2013: 2, 2014: 3, 2015: 7, 2016: 2, 2017: 6, 2018: 5, 2019: 1, 2022: 2}"
Siliang Tang,Yueting Zhuang,28,35,94,0.8,0.2978723404255319,0.27722772277227725,0.48815763062808465,0.548936170212766,0.5841584158415841,"{2013: 2, 2014: 4, 2015: 7, 2016: 1, 2017: 6, 2018: 2, 2019: 2, 2021: 3, 2022: 1}"
Shilliang Zhang,Qi Tian,23,26,233,0.8846153846153846,0.09871244635193133,0.09745762711864407,0.2955038894768379,0.49166391548365795,0.8771186440677966,"{2013: 4, 2014: 6, 2015: 5, 2016: 1, 2017: 2, 2018: 4, 2019: 1}"
Jiafeng Guo,Yanyan Lan,48,53,49,0.9056603773584906,0.9795918367346939,0.8888888888888888,0.9419010099338676,0.9426261070465922,0.07407407407407407,"{2013: 5, 2014: 5, 2015: 9, 2016: 8, 2017: 4, 2018: 7, 2019: 6, 2020: 2, 2021: 2}"
Yanyan Lan,Jiafeng Guo,48,49,53,0.9795918367346939,0.9056603773584906,0.8888888888888888,0.9419010099338676,0.9426261070465922,0.07407407407407407,"{2013: 5, 2014: 5, 2015: 9, 2016: 8, 2017: 4, 2018: 7, 2019: 6, 2020: 2, 2021: 2}"
Yanyan Lan,Xueqi Cheng,48,49,104,0.9795918367346939,0.46153846153846156,0.45714285714285713,0.6723981776166309,0.7205651491365777,0.5238095238095238,"{2013: 5, 2014: 5, 2015: 9, 2016: 8, 2017: 4, 2018: 7, 2019: 6, 2020: 2, 2021: 2}"
Xu-Yao Zhang,Cheng-Lin Liu,24,25,85,0.96,0.2823529411764706,0.27906976744186046,0.5206330987647748,0.6211764705882352,0.6976744186046512,"{2013: 3, 2014: 4, 2015: 2, 2016: 5, 2017: 4, 2018: 2, 2019: 1, 2020: 1, 2021: 2}"
Li Liu,Ling Shao,41,53,176,0.7735849056603774,0.23295454545454544,0.21808510638297873,0.4245116253633234,0.5032697255574614,0.6542553191489362,"{2013: 5, 2014: 4, 2015: 5, 2016: 7, 2017: 7, 2018: 5, 2019: 8}"
Fei Yin,Cheng-Lin Liu,37,37,85,1.0,0.43529411764705883,0.43529411764705883,0.6597682302498801,0.7176470588235294,0.5647058823529412,"{2013: 7, 2014: 5, 2015: 3, 2016: 3, 2017: 6, 2018: 9, 2020: 1, 2021: 1, 2022: 2}"
Chua Kuang Chua,U Rajendra Acharya,20,21,110,0.9523809523809523,0.18181818181818182,0.18018018018018017,0.4161251892882395,0.5670995670995671,0.8018018018018018,"{2013: 4, 2014: 6, 2015: 1, 2016: 3, 2017: 6}"
Debin Zhao,Wen Gao,37,50,208,0.74,0.1778846153846154,0.167420814479638,0.36281485000564045,0.4589423076923077,0.7149321266968326,"{2013: 10, 2014: 4, 2015: 3, 2016: 2, 2017: 4, 2018: 8, 2019: 6}"
Daoqiang Zhang,Dinggang Shen,29,29,389,1.0,0.07455012853470437,0.07455012853470437,0.2730386942078071,0.5372750642673522,0.9254498714652957,"{2013: 6, 2014: 4, 2015: 4, 2016: 5, 2017: 3, 2018: 3, 2019: 3, 2020: 1}"
"ZHANG, ZHAO-XIANG",Yunhong Wang,26,42,111,0.6190476190476191,0.23423423423423423,0.2047244094488189,0.38079147180858053,0.4266409266409267,0.5433070866141733,"{2013: 15, 2014: 8, 2015: 2, 2016: 1}"
Wanli Ouyang,Xiaogang Wang,29,34,106,0.8529411764705882,0.27358490566037735,0.26126126126126126,0.4830650383732579,0.5632630410654828,0.6486486486486487,"{2013: 5, 2014: 5, 2015: 4, 2016: 5, 2017: 5, 2018: 3, 2019: 1, 2020: 1}"
"Ricci, Elisa",Nicu Sebe,27,27,99,1.0,0.2727272727272727,0.2727272727272727,0.5222329678670935,0.6363636363636364,0.7272727272727273,"{2013: 3, 2014: 6, 2015: 5, 2016: 6, 2017: 1, 2018: 2, 2019: 4}"
o castillo,p melin,80,109,89,0.7339449541284404,0.898876404494382,0.6779661016949152,0.81223506539903,0.8164106793114112,0.1694915254237288,"{2013: 18, 2014: 16, 2015: 10, 2016: 8, 2017: 16, 2018: 3, 2019: 6, 2020: 2, 2022: 1}"
p melin,o castillo,80,89,109,0.898876404494382,0.7339449541284404,0.6779661016949152,0.81223506539903,0.8164106793114112,0.1694915254237288,"{2013: 18, 2014: 16, 2015: 10, 2016: 8, 2017: 16, 2018: 3, 2019: 6, 2020: 2, 2022: 1}"
Ting Yao,Tao Mei,36,37,102,0.972972972972973,0.35294117647058826,0.34951456310679613,0.5860053120537108,0.6629570747217807,0.6310679611650486,"{2013: 2, 2014: 1, 2015: 4, 2016: 9, 2017: 4, 2018: 5, 2019: 9, 2021: 2}"
Du Bo,Liangpei Zhang,77,117,267,0.6581196581196581,0.2883895131086142,0.250814332247557,0.4356544591443267,0.47325458561413614,0.48859934853420195,"{2013: 10, 2014: 10, 2015: 17, 2016: 14, 2017: 14, 2018: 5, 2019: 7}"
Wentao Fan,Nizar Bouguila,34,34,46,1.0,0.7391304347826086,0.7391304347826086,0.8597269536210951,0.8695652173913043,0.2608695652173913,"{2013: 11, 2014: 5, 2015: 5, 2016: 3, 2017: 2, 2018: 3, 2019: 4, 2020: 1}"
Nizar Bouguila,Wentao Fan,34,46,34,0.7391304347826086,1.0,0.7391304347826086,0.8597269536210951,0.8695652173913043,0.2608695652173913,"{2013: 11, 2014: 5, 2015: 5, 2016: 3, 2017: 2, 2018: 3, 2019: 4, 2020: 1}"
randall wald,Taghi M. Khoshgoftaar,21,21,50,1.0,0.42,0.42,0.6480740698407861,0.71,0.58,"{2013: 12, 2014: 8, 2015: 1}"
Soujanya Poria,Erik Cambria,35,37,83,0.9459459459459459,0.42168674698795183,0.4117647058823529,0.6315796614619464,0.6838163464669489,0.5411764705882353,"{2013: 2, 2014: 2, 2015: 7, 2016: 6, 2017: 5, 2018: 11, 2019: 2}"
Shiguang Shan,Xilin Chen,100,123,117,0.8130081300813008,0.8547008547008547,0.7142857142857143,0.8335938721339256,0.8338544923910778,0.04285714285714286,"{2013: 10, 2014: 17, 2015: 15, 2016: 12, 2017: 10, 2018: 18, 2019: 18}"
Xilin Chen,Shiguang Shan,100,117,123,0.8547008547008547,0.8130081300813008,0.7142857142857143,0.8335938721339256,0.8338544923910778,0.04285714285714286,"{2013: 10, 2014: 17, 2015: 15, 2016: 12, 2017: 10, 2018: 18, 2019: 18}"
"Chang, Hong",Xilin Chen,24,26,117,0.9230769230769231,0.20512820512820512,0.20168067226890757,0.43514263457633695,0.5641025641025641,0.7647058823529411,"{2013: 3, 2014: 7, 2015: 3, 2016: 2, 2017: 1, 2018: 2, 2019: 6}"
Hongyan Zhang,Liangpei Zhang,36,36,267,1.0,0.1348314606741573,0.1348314606741573,0.36719403681726276,0.5674157303370786,0.8651685393258427,"{2013: 3, 2014: 11, 2015: 8, 2016: 9, 2017: 4, 2018: 1}"
Chong-Yaw Wee,Dinggang Shen,23,23,389,1.0,0.05912596401028278,0.05912596401028278,0.24315831059267287,0.5295629820051414,0.9408740359897172,"{2013: 8, 2014: 3, 2015: 4, 2016: 2, 2017: 4, 2019: 1, 2020: 1}"
Li Wang,Dinggang Shen,73,73,389,1.0,0.18766066838046272,0.18766066838046272,0.43319818603090054,0.5938303341902313,0.8123393316195373,"{2013: 8, 2014: 10, 2015: 9, 2016: 9, 2017: 7, 2018: 15, 2019: 13, 2020: 2}"
Guorong Wu,Dinggang Shen,57,58,389,0.9827586206896551,0.14652956298200515,0.14615384615384616,0.3794775239806085,0.5646440918358302,0.8487179487179487,"{2013: 9, 2014: 12, 2015: 12, 2016: 17, 2017: 5, 2018: 1, 2019: 1}"
Minjeong Kim,Dinggang Shen,24,24,389,1.0,0.061696658097686374,0.061696658097686374,0.24838811988033238,0.5308483290488432,0.9383033419023136,"{2013: 5, 2015: 6, 2016: 5, 2017: 6, 2019: 1, 2020: 1}"
Sicheng Zhao,Hongxun Yao,37,54,105,0.6851851851851852,0.3523809523809524,0.30327868852459017,0.49137176161525076,0.5187830687830688,0.4180327868852459,"{2013: 3, 2014: 2, 2015: 11, 2016: 7, 2017: 6, 2018: 5, 2019: 3}"
Chunhong Pan,Shiming Xiang,77,114,78,0.6754385964912281,0.9871794871794872,0.6695652173913044,0.8165654458189148,0.8313090418353577,0.3130434782608696,"{2013: 15, 2014: 11, 2015: 11, 2016: 5, 2017: 11, 2018: 12, 2019: 11, 2020: 1}"
Shiming Xiang,Chunhong Pan,77,78,114,0.9871794871794872,0.6754385964912281,0.6695652173913044,0.8165654458189148,0.8313090418353577,0.3130434782608696,"{2013: 15, 2014: 11, 2015: 11, 2016: 5, 2017: 11, 2018: 12, 2019: 11, 2020: 1}"
Sheraz Ahmed,Andreas Dengel,26,26,89,1.0,0.29213483146067415,0.29213483146067415,0.5404949874519412,0.6460674157303371,0.7078651685393258,"{2013: 4, 2014: 1, 2016: 2, 2017: 1, 2018: 5, 2019: 11, 2021: 1, 2022: 1}"
Rongrong Ni,Yao Zhao,37,37,151,1.0,0.24503311258278146,0.24503311258278146,0.49500819446023464,0.6225165562913907,0.7549668874172185,"{2013: 7, 2014: 7, 2015: 4, 2017: 4, 2018: 6, 2019: 6, 2020: 3}"
Fang Liu,Licheng Jiao,57,58,290,0.9827586206896551,0.19655172413793104,0.1958762886597938,0.43950301626720006,0.5896551724137931,0.7972508591065293,"{2013: 2, 2014: 7, 2015: 10, 2016: 16, 2017: 6, 2018: 10, 2019: 5, 2022: 1}"
Xiaoou Tang,Xiaogang Wang,25,36,106,0.6944444444444444,0.2358490566037736,0.21367521367521367,0.4047024426488601,0.46514675052410903,0.5982905982905983,"{2013: 8, 2014: 8, 2015: 3, 2016: 3, 2017: 1, 2018: 2}"
Jian Cheng,Hanqing Lu,34,52,140,0.6538461538461539,0.24285714285714285,0.21518987341772153,0.3984861462977211,0.44835164835164837,0.5569620253164557,"{2013: 11, 2014: 9, 2015: 7, 2016: 1, 2017: 1, 2018: 2, 2019: 3}"
Liming Chen,Yunhong Wang,22,23,111,0.9565217391304348,0.1981981981981982,0.19642857142857142,0.4354088713302235,0.5773599686643165,0.7857142857142857,"{2013: 5, 2014: 5, 2015: 6, 2016: 1, 2018: 3, 2019: 2}"
Liming Chen,Di Huang,20,23,59,0.8695652173913043,0.3389830508474576,0.3225806451612903,0.5429252897979031,0.6042741341193809,0.5806451612903226,"{2013: 5, 2014: 4, 2015: 6, 2016: 1, 2018: 2, 2019: 2}"
Hongmei Chen,Tianrui Li,20,20,88,1.0,0.22727272727272727,0.22727272727272727,0.4767312946227962,0.6136363636363636,0.7727272727272727,"{2013: 3, 2014: 3, 2015: 4, 2016: 3, 2017: 4, 2018: 1, 2019: 2}"
Shengcai Liao,Stan Z. Li,26,34,102,0.7647058823529411,0.2549019607843137,0.23636363636363636,0.4415031470273609,0.5098039215686274,0.6181818181818182,"{2013: 7, 2014: 11, 2015: 2, 2016: 4, 2018: 2}"
Dong Yi,Stan Z. Li,20,20,102,1.0,0.19607843137254902,0.19607843137254902,0.4428074427700477,0.5980392156862745,0.803921568627451,"{2013: 7, 2014: 4, 2015: 5, 2016: 1, 2017: 1, 2018: 1, 2019: 1}"
Felix Weninger,Björn W. Schuller,25,25,122,1.0,0.20491803278688525,0.20491803278688525,0.45267873021259264,0.6024590163934427,0.7950819672131147,"{2013: 10, 2014: 7, 2015: 2, 2016: 2, 2017: 1, 2018: 1, 2019: 1, 2020: 1}"
Florian Eyben,Björn W. Schuller,22,22,122,1.0,0.18032786885245902,0.18032786885245902,0.4246502900652006,0.5901639344262295,0.819672131147541,"{2013: 7, 2014: 6, 2015: 3, 2016: 1, 2017: 2, 2018: 1, 2019: 1, 2020: 1}"
Sunil Gupta,Svetha Venkatesh,48,48,123,1.0,0.3902439024390244,0.3902439024390244,0.6246950475544243,0.6951219512195121,0.6097560975609756,"{2013: 3, 2014: 3, 2015: 7, 2016: 10, 2017: 6, 2018: 6, 2019: 8, 2020: 2, 2021: 1, 2022: 2}"
Santu Rana,Sunil Gupta,38,48,48,0.7916666666666666,0.7916666666666666,0.6551724137931034,0.7916666666666666,0.7916666666666666,0.0,"{2014: 2, 2015: 4, 2016: 8, 2017: 5, 2018: 6, 2019: 8, 2020: 2, 2021: 1, 2022: 2}"
Sunil Gupta,Santu Rana,38,48,48,0.7916666666666666,0.7916666666666666,0.6551724137931034,0.7916666666666666,0.7916666666666666,0.0,"{2014: 2, 2015: 4, 2016: 8, 2017: 5, 2018: 6, 2019: 8, 2020: 2, 2021: 1, 2022: 2}"
Lijia Ma,Maoguo Gong,20,20,86,1.0,0.23255813953488372,0.23255813953488372,0.48224282217041214,0.6162790697674418,0.7674418604651163,"{2013: 1, 2014: 5, 2015: 4, 2016: 4, 2017: 1, 2018: 3, 2019: 1, 2020: 1}"
Miska M. Hannuksela,Moncef Gabbouj,22,25,109,0.88,0.2018348623853211,0.19642857142857142,0.42144356549730666,0.5409174311926606,0.75,"{2013: 3, 2014: 5, 2015: 4, 2016: 6, 2017: 2, 2019: 2}"
Michael J. Fulham,Dagan Feng,49,50,169,0.98,0.28994082840236685,0.28823529411764703,0.5330497273560127,0.6349704142011834,0.7,"{2013: 10, 2014: 5, 2015: 6, 2016: 7, 2017: 10, 2018: 6, 2019: 5}"
Xiuying Wang,Dagan Feng,27,27,169,1.0,0.15976331360946747,0.15976331360946747,0.39970403251589476,0.5798816568047337,0.8402366863905325,"{2013: 7, 2014: 3, 2015: 2, 2016: 3, 2017: 2, 2018: 8, 2019: 2}"
Ruiping Wang,Xilin Chen,30,35,117,0.8571428571428571,0.2564102564102564,0.2459016393442623,0.4688072309384954,0.5567765567765568,0.6721311475409836,"{2013: 2, 2014: 5, 2015: 10, 2016: 6, 2017: 2, 2018: 3, 2019: 2}"
Ruiping Wang,Shiguang Shan,30,35,123,0.8571428571428571,0.24390243902439024,0.234375,0.4572299568592126,0.5505226480836236,0.6875,"{2013: 2, 2014: 5, 2015: 10, 2016: 6, 2017: 2, 2018: 3, 2019: 2}"
Tu Dinh Nguyen,Dinh Phung,30,31,110,0.967741935483871,0.2727272727272727,0.2702702702702703,0.5137408089380563,0.6202346041055719,0.7117117117117117,"{2013: 2, 2015: 4, 2016: 5, 2017: 7, 2018: 9, 2019: 3}"
Truyen Tran,Svetha Venkatesh,31,31,123,1.0,0.25203252032520324,0.25203252032520324,0.5020284058947295,0.6260162601626016,0.7479674796747967,"{2013: 3, 2014: 4, 2015: 4, 2016: 7, 2017: 6, 2018: 3, 2019: 3, 2021: 1}"
Truyen Tran,Dinh Phung,20,31,110,0.6451612903225806,0.18181818181818182,0.1652892561983471,0.34249387262537084,0.4134897360703812,0.6528925619834711,"{2013: 3, 2014: 4, 2015: 4, 2016: 6, 2017: 3}"
Huihui Bai,Yao Zhao,36,36,151,1.0,0.23841059602649006,0.23841059602649006,0.48827307526269564,0.619205298013245,0.7615894039735099,"{2013: 4, 2014: 8, 2015: 4, 2016: 2, 2017: 7, 2018: 6, 2019: 5}"
Anhong Wang,Yao Zhao,20,21,151,0.9523809523809523,0.13245033112582782,0.13157894736842105,0.35516640114288456,0.5424156417533901,0.8552631578947368,"{2013: 1, 2014: 6, 2015: 2, 2016: 1, 2017: 5, 2018: 2, 2019: 3}"
Bin Fan,Chunhong Pan,21,21,114,1.0,0.18421052631578946,0.18421052631578946,0.4291975376394761,0.5921052631578947,0.8157894736842105,"{2013: 1, 2014: 5, 2015: 3, 2016: 1, 2017: 6, 2018: 2, 2019: 2, 2020: 1}"
Gaofeng Meng,Chunhong Pan,34,35,114,0.9714285714285714,0.2982456140350877,0.2956521739130435,0.538260448832108,0.6348370927318295,0.6869565217391305,"{2013: 6, 2014: 5, 2015: 1, 2016: 2, 2017: 6, 2018: 7, 2019: 6, 2020: 1}"
Gaofeng Meng,Shiming Xiang,26,35,78,0.7428571428571429,0.3333333333333333,0.2988505747126437,0.49761335152811925,0.5380952380952381,0.4942528735632184,"{2013: 6, 2014: 4, 2015: 1, 2016: 1, 2017: 2, 2018: 6, 2019: 5, 2020: 1}"
Xi Li,Fei Wu,20,29,92,0.6896551724137931,0.21739130434782608,0.19801980198019803,0.3872015463311832,0.4535232383808096,0.6237623762376238,"{2014: 2, 2015: 5, 2016: 4, 2017: 2, 2018: 3, 2019: 3, 2020: 1}"
Huang Tiejun,Wen Gao,34,39,208,0.8717948717948718,0.16346153846153846,0.1596244131455399,0.37749825293167844,0.5176282051282052,0.7934272300469484,"{2013: 11, 2014: 8, 2015: 3, 2016: 3, 2017: 2, 2018: 6, 2019: 1}"
Wei-Shi Zheng,Jianhuang Lai,21,24,86,0.875,0.2441860465116279,0.23595505617977527,0.4622367258209525,0.559593023255814,0.6966292134831461,"{2013: 4, 2014: 2, 2015: 4, 2016: 1, 2017: 4, 2018: 1, 2019: 5}"
Shujie Liu,Ming Zhou,32,32,116,1.0,0.27586206896551724,0.27586206896551724,0.5252257314388902,0.6379310344827587,0.7241379310344828,"{2013: 6, 2014: 4, 2015: 2, 2016: 2, 2017: 4, 2018: 12, 2019: 1, 2020: 1}"
Mu Li,Ming Zhou,27,29,116,0.9310344827586207,0.23275862068965517,0.2288135593220339,0.46551724137931033,0.5818965517241379,0.7372881355932204,"{2013: 6, 2014: 5, 2015: 2, 2016: 1, 2017: 4, 2018: 9}"
Mu Li,Shujie Liu,25,29,32,0.8620689655172413,0.78125,0.6944444444444444,0.8206652053732659,0.8216594827586207,0.08333333333333333,"{2013: 6, 2014: 4, 2015: 2, 2016: 1, 2017: 3, 2018: 9}"
Shujie Liu,Mu Li,25,32,29,0.78125,0.8620689655172413,0.6944444444444444,0.8206652053732659,0.8216594827586207,0.08333333333333333,"{2013: 6, 2014: 4, 2015: 2, 2016: 1, 2017: 3, 2018: 9}"
Ali Wali,M. Adel Alimi,22,22,84,1.0,0.2619047619047619,0.2619047619047619,0.511766315719159,0.6309523809523809,0.7380952380952381,"{2013: 6, 2014: 4, 2015: 5, 2016: 3, 2017: 1, 2018: 3}"
Yebin Liu,Qionghai Dai,21,22,140,0.9545454545454546,0.15,0.14893617021276595,0.37839373433213475,0.5522727272727272,0.8368794326241135,"{2013: 5, 2014: 6, 2015: 1, 2016: 1, 2017: 3, 2018: 1, 2019: 4}"
Xiaopeng Fan,Wen Gao,27,34,208,0.7941176470588235,0.12980769230769232,0.12558139534883722,0.3210647585542835,0.4619626696832579,0.8093023255813954,"{2013: 4, 2014: 5, 2015: 3, 2016: 1, 2017: 5, 2018: 7, 2019: 2}"
Jianjun Qian,Jian Yang,27,27,123,1.0,0.21951219512195122,0.21951219512195122,0.4685212856658182,0.6097560975609756,0.7804878048780488,"{2013: 3, 2014: 4, 2015: 5, 2016: 1, 2017: 8, 2018: 2, 2019: 3, 2020: 1}"
Jun Xiao,Yueting Zhuang,25,29,94,0.8620689655172413,0.26595744680851063,0.25510204081632654,0.4788252928175573,0.564013206162876,0.6632653061224489,"{2013: 3, 2014: 2, 2015: 4, 2016: 3, 2017: 6, 2018: 3, 2019: 3, 2021: 1}"
Zhongyuan Wang,Ruimin Hu,23,23,115,1.0,0.2,0.2,0.4472135954999579,0.6,0.8,"{2013: 4, 2014: 7, 2015: 4, 2016: 3, 2017: 3, 2018: 1, 2019: 1}"
Yang Yang,Heng Tao Shen,36,50,99,0.72,0.36363636363636365,0.3185840707964602,0.5116817192534651,0.5418181818181818,0.4336283185840708,"{2013: 3, 2015: 1, 2016: 6, 2017: 8, 2018: 9, 2019: 7, 2020: 1, 2022: 1}"
Jianjiang Feng,Jie Zhou,41,43,92,0.9534883720930233,0.44565217391304346,0.43617021276595747,0.6518620757676157,0.6995702730030333,0.5212765957446809,"{2013: 2, 2014: 3, 2015: 5, 2016: 3, 2017: 11, 2018: 11, 2019: 6}"
Jianjiang Feng,Jiwen Lu,29,43,131,0.6744186046511628,0.22137404580152673,0.2,0.3863919966503554,0.44789632522634476,0.6068965517241379,"{2015: 1, 2016: 1, 2017: 10, 2018: 13, 2019: 4}"
Yan Yan,Nicu Sebe,22,23,99,0.9565217391304348,0.2222222222222222,0.22,0.46104271653874973,0.5893719806763285,0.76,"{2013: 2, 2014: 5, 2015: 4, 2016: 6, 2017: 1, 2018: 1, 2019: 3}"
Will N. Browne,Mengjie Zhang,33,33,186,1.0,0.1774193548387097,0.1774193548387097,0.4212117695871159,0.5887096774193549,0.8225806451612904,"{2013: 12, 2014: 8, 2015: 4, 2016: 3, 2017: 4, 2019: 2}"
Mark Johnston,Mengjie Zhang,22,22,186,1.0,0.11827956989247312,0.11827956989247312,0.3439179697143973,0.5591397849462365,0.8817204301075269,"{2013: 8, 2014: 7, 2015: 3, 2017: 2, 2018: 1, 2019: 1}"
Amri Napolitano,Taghi M. Khoshgoftaar,38,38,50,1.0,0.76,0.76,0.8717797887081347,0.88,0.24,"{2013: 10, 2014: 13, 2015: 12, 2016: 2, 2018: 1}"
Taghi M. Khoshgoftaar,Amri Napolitano,38,50,38,0.76,1.0,0.76,0.8717797887081347,0.88,0.24,"{2013: 10, 2014: 13, 2015: 12, 2016: 2, 2018: 1}"
Huanfeng Shen,Liangpei Zhang,43,43,267,1.0,0.16104868913857678,0.16104868913857678,0.401308720486581,0.5805243445692884,0.8389513108614233,"{2013: 3, 2014: 15, 2015: 5, 2016: 13, 2017: 1, 2018: 4, 2019: 2}"
Qiangqiang Yuan,Liangpei Zhang,20,20,267,1.0,0.0749063670411985,0.0749063670411985,0.2736902757519867,0.5374531835205992,0.9250936329588015,"{2013: 3, 2014: 7, 2015: 2, 2016: 5, 2018: 2, 2019: 1}"
Tzung-Pei Hong,Jerry Chun-Wei Lin,48,50,95,0.96,0.5052631578947369,0.4948453608247423,0.6964572001056112,0.7326315789473684,0.4639175257731959,"{2013: 2, 2014: 8, 2015: 10, 2016: 14, 2017: 6, 2018: 3, 2019: 5}"
Tongliang Liu,Dacheng Tao,37,40,372,0.925,0.09946236559139784,0.09866666666666667,0.30331944905007824,0.5122311827956989,0.8853333333333333,"{2014: 3, 2015: 5, 2016: 4, 2017: 6, 2018: 10, 2019: 7, 2020: 2}"
Chao Xu,Dacheng Tao,36,36,372,1.0,0.0967741935483871,0.0967741935483871,0.3110855084191276,0.5483870967741935,0.9032258064516129,"{2013: 4, 2014: 4, 2015: 9, 2016: 4, 2017: 7, 2018: 6, 2019: 2}"
Yong Luo,Dacheng Tao,20,21,372,0.9523809523809523,0.053763440860215055,0.05361930294906166,0.2262814111007102,0.5030721966205837,0.9410187667560321,"{2013: 3, 2014: 3, 2015: 3, 2016: 2, 2017: 3, 2018: 4, 2019: 2}"
Abbas Khosravi,Saeid Nahavandi,48,48,104,1.0,0.46153846153846156,0.46153846153846156,0.6793662204867574,0.7307692307692308,0.5384615384615384,"{2013: 6, 2014: 8, 2015: 17, 2016: 4, 2017: 4, 2018: 5, 2019: 2, 2021: 2}"
Bing Xue,Mengjie Zhang,37,37,186,1.0,0.1989247311827957,0.1989247311827957,0.44600978821411047,0.5994623655913979,0.8010752688172043,"{2013: 8, 2014: 8, 2015: 2, 2016: 2, 2018: 8, 2019: 7, 2020: 2}"
Marc Modat,Sébastien Ourselin,29,30,87,0.9666666666666667,0.3333333333333333,0.32954545454545453,0.5676462121975467,0.65,0.6477272727272727,"{2013: 5, 2014: 7, 2015: 7, 2016: 2, 2018: 6, 2019: 1, 2020: 1}"
Qian Wang,Dinggang Shen,40,40,389,1.0,0.10282776349614396,0.10282776349614396,0.3206676838974329,0.5514138817480719,0.897172236503856,"{2013: 5, 2014: 5, 2015: 7, 2016: 5, 2017: 7, 2018: 6, 2019: 5}"
Zhiwei Xiong,Feng Wu,23,24,99,0.9583333333333334,0.23232323232323232,0.23,0.47185071542077545,0.5953282828282829,0.75,"{2013: 4, 2014: 2, 2015: 1, 2017: 7, 2018: 5, 2019: 3, 2021: 1}"
Pengfei Zhu,Qinghua Hu,23,26,72,0.8846153846153846,0.3194444444444444,0.30666666666666664,0.5315876880491779,0.6020299145299145,0.6133333333333333,"{2013: 2, 2015: 1, 2016: 2, 2017: 5, 2018: 6, 2019: 5, 2020: 1, 2021: 1}"
Francesca Bovolo,Lorenzo Bruzzone,36,36,68,1.0,0.5294117647058824,0.5294117647058824,0.727606875108999,0.7647058823529411,0.47058823529411764,"{2013: 5, 2014: 4, 2015: 12, 2016: 4, 2017: 4, 2018: 2, 2019: 5}"
Junbiao Pang,Qingming Huang,20,20,176,1.0,0.11363636363636363,0.11363636363636363,0.337099931231621,0.5568181818181818,0.8863636363636364,"{2013: 2, 2014: 6, 2015: 4, 2016: 1, 2017: 1, 2018: 2, 2019: 4}"
Ke Gu,Guangtao Zhai,49,76,108,0.6447368421052632,0.4537037037037037,0.362962962962963,0.5408507124682262,0.5492202729044835,0.23703703703703705,"{2013: 8, 2014: 7, 2015: 5, 2016: 7, 2017: 10, 2018: 7, 2019: 4, 2020: 1}"
Lei Qin,Qingming Huang,23,25,176,0.92,0.13068181818181818,0.12921348314606743,0.3467380462644281,0.5253409090909091,0.848314606741573,"{2013: 5, 2014: 6, 2015: 4, 2016: 2, 2017: 2, 2018: 2, 2019: 2}"
Fevrier Valdez,o castillo,43,48,109,0.8958333333333334,0.3944954128440367,0.37719298245614036,0.5944763583800309,0.645164373088685,0.5350877192982456,"{2013: 7, 2014: 4, 2015: 9, 2016: 5, 2017: 13, 2018: 1, 2019: 4}"
Fevrier Valdez,p melin,31,48,89,0.6458333333333334,0.34831460674157305,0.29245283018867924,0.47429229755563107,0.49707397003745324,0.3867924528301887,"{2013: 7, 2014: 3, 2015: 3, 2016: 5, 2017: 9, 2018: 1, 2019: 3}"
Dajiang Zhu,Tianming Liu,26,30,99,0.8666666666666667,0.26262626262626265,0.2524271844660194,0.4770842982214229,0.5646464646464646,0.6699029126213593,"{2013: 16, 2014: 4, 2015: 3, 2016: 1, 2018: 1, 2019: 1}"
Meina Kan,Xilin Chen,23,23,117,1.0,0.19658119658119658,0.19658119658119658,0.4433747811741175,0.5982905982905983,0.8034188034188035,"{2013: 2, 2014: 4, 2015: 3, 2016: 2, 2017: 6, 2018: 2, 2019: 4}"
Meina Kan,Shiguang Shan,23,23,123,1.0,0.18699186991869918,0.18699186991869918,0.43242556575519353,0.5934959349593496,0.8130081300813008,"{2013: 2, 2014: 4, 2015: 3, 2016: 2, 2017: 6, 2018: 2, 2019: 4}"
Chunyun Lin,Yao Zhao,31,32,151,0.96875,0.2052980132450331,0.20394736842105263,0.4459623866775379,0.5870240066225165,0.7828947368421053,"{2013: 3, 2014: 4, 2015: 10, 2016: 4, 2017: 3, 2018: 4, 2019: 2, 2020: 1}"
Yuming Fang,Weisi Lin,47,54,180,0.8703703703703703,0.2611111111111111,0.25133689839572193,0.4767214852359779,0.5657407407407408,0.6737967914438503,"{2013: 6, 2014: 12, 2015: 10, 2016: 11, 2017: 4, 2018: 2, 2019: 2}"
Kong-Aik Lee,Haizhou Li,20,20,127,1.0,0.15748031496062992,0.15748031496062992,0.39683789506627254,0.5787401574803149,0.84251968503937,"{2013: 4, 2014: 6, 2015: 6, 2016: 3, 2017: 1}"
z huang,Heng Tao Shen,23,29,99,0.7931034482758621,0.23232323232323232,0.21904761904761905,0.4292509250661549,0.5127133402995472,0.6666666666666666,"{2013: 4, 2016: 5, 2017: 7, 2018: 4, 2019: 3}"
Wengang Zhou,Houqiang Li,53,61,109,0.8688524590163934,0.48623853211009177,0.452991452991453,0.6499765721103914,0.6775454955632426,0.41025641025641024,"{2013: 2, 2014: 6, 2015: 7, 2016: 12, 2017: 1, 2018: 16, 2019: 6, 2021: 2, 2022: 1}"
Gang Niu,Masashi Sugiyama,25,26,52,0.9615384615384616,0.4807692307692308,0.4716981132075472,0.6799103665255265,0.7211538461538461,0.49056603773584906,"{2013: 3, 2014: 3, 2015: 1, 2016: 3, 2017: 3, 2018: 9, 2019: 3}"
Feng Shi,Dinggang Shen,26,27,389,0.9629629629629629,0.06683804627249357,0.06666666666666667,0.2536977790151424,0.5149005046177282,0.9282051282051282,"{2013: 3, 2014: 3, 2015: 3, 2016: 7, 2017: 2, 2018: 4, 2019: 3, 2020: 1}"
Pew-Thian Yap,Dinggang Shen,75,75,389,1.0,0.1928020565552699,0.1928020565552699,0.43909230983390035,0.596401028277635,0.8071979434447301,"{2013: 8, 2014: 5, 2015: 9, 2016: 10, 2017: 12, 2018: 12, 2019: 16, 2020: 3}"
Kyunghyun Cho,Yoshua Bengio,27,29,113,0.9310344827586207,0.23893805309734514,0.23478260869565218,0.4716561954186954,0.5849862679279829,0.7304347826086957,"{2013: 2, 2014: 8, 2015: 9, 2016: 4, 2017: 3, 2018: 1}"
Lei Zhang,Yanning Zhang,30,30,134,1.0,0.22388059701492538,0.22388059701492538,0.47316022340738384,0.6119402985074627,0.7761194029850746,"{2013: 2, 2014: 2, 2015: 2, 2016: 8, 2017: 3, 2018: 7, 2019: 5, 2020: 1}"
Amin Katouzian,Nassir Navab,24,24,116,1.0,0.20689655172413793,0.20689655172413793,0.454858826147342,0.603448275862069,0.7931034482758621,"{2013: 1, 2014: 3, 2015: 8, 2016: 8, 2017: 4}"
Shuyuan Yang,Licheng Jiao,31,31,290,1.0,0.10689655172413794,0.10689655172413794,0.3269503811347189,0.553448275862069,0.8931034482758621,"{2013: 1, 2014: 12, 2015: 5, 2016: 1, 2017: 3, 2018: 7, 2019: 2}"
Sriparna Saha,Asif Ekbal,22,26,76,0.8461538461538461,0.2894736842105263,0.275,0.49491339773243226,0.5678137651821862,0.625,"{2013: 5, 2014: 1, 2015: 3, 2016: 6, 2017: 1, 2018: 4, 2019: 2}"
Shuyuan Yang,Licheng Jiao,36,36,290,1.0,0.12413793103448276,0.12413793103448276,0.3523321317088221,0.5620689655172414,0.8758620689655172,"{2013: 3, 2015: 7, 2016: 17, 2017: 3, 2018: 2, 2019: 3, 2020: 1}"
Shuhui Wang,Qingming Huang,44,45,176,0.9777777777777777,0.25,0.24858757062146894,0.4944132324730442,0.6138888888888889,0.7401129943502824,"{2013: 9, 2014: 4, 2015: 8, 2016: 3, 2017: 4, 2018: 7, 2019: 9}"
Yu Kong,Yun Fu,23,23,150,1.0,0.15333333333333332,0.15333333333333332,0.3915780041490244,0.5766666666666667,0.8466666666666667,"{2013: 1, 2014: 5, 2016: 7, 2017: 4, 2018: 4, 2019: 1, 2020: 1}"
Kai Cao,Anil K. Jain,28,28,61,1.0,0.45901639344262296,0.45901639344262296,0.6775074858941582,0.7295081967213115,0.5409836065573771,"{2013: 3, 2014: 3, 2015: 3, 2016: 3, 2017: 6, 2018: 9, 2019: 1}"
Joon-Young Lee,In So Kweon,24,24,66,1.0,0.36363636363636365,0.36363636363636365,0.6030226891555273,0.6818181818181819,0.6363636363636364,"{2013: 5, 2014: 4, 2015: 6, 2016: 2, 2017: 3, 2018: 1, 2019: 3}"
Sheng Li,Yun Fu,28,33,150,0.8484848484848485,0.18666666666666668,0.18064516129032257,0.39797467053047286,0.5175757575757576,0.7548387096774194,"{2013: 2, 2014: 3, 2015: 5, 2016: 4, 2017: 3, 2018: 8, 2019: 1, 2020: 1, 2021: 1}"
Nikos Nikolaidis,Ioannis Pitas,29,34,102,0.8529411764705882,0.28431372549019607,0.27102803738317754,0.49244581783821023,0.5686274509803921,0.6355140186915887,"{2013: 4, 2014: 7, 2015: 7, 2016: 1, 2017: 2, 2018: 3, 2019: 4, 2020: 1}"
Huchang Liao,Zeshui Xu,23,27,62,0.8518518518518519,0.3709677419354839,0.3484848484848485,0.562147274248521,0.6114097968936678,0.5303030303030303,"{2013: 1, 2014: 6, 2015: 4, 2016: 4, 2017: 3, 2018: 2, 2019: 3}"
H Shen,Xueqi Cheng,27,27,104,1.0,0.25961538461538464,0.25961538461538464,0.5095246653650681,0.6298076923076923,0.7403846153846154,"{2013: 4, 2014: 1, 2015: 2, 2016: 3, 2017: 7, 2018: 3, 2019: 2, 2020: 1, 2021: 4}"
Weili Lin,Dinggang Shen,42,42,389,1.0,0.10796915167095116,0.10796915167095116,0.3285865969131291,0.5539845758354756,0.8920308483290489,"{2013: 5, 2014: 8, 2015: 7, 2016: 6, 2017: 1, 2018: 8, 2019: 7}"
Gang Li,Dinggang Shen,33,33,389,1.0,0.08483290488431877,0.08483290488431877,0.29126088800990557,0.5424164524421594,0.9151670951156813,"{2013: 5, 2014: 2, 2015: 6, 2016: 5, 2017: 2, 2018: 10, 2019: 3}"
Gang Li,Li Wang,21,33,73,0.6363636363636364,0.2876712328767123,0.24705882352941178,0.42785921963963225,0.4620174346201743,0.47058823529411764,"{2013: 5, 2014: 1, 2015: 1, 2016: 3, 2017: 2, 2018: 6, 2019: 3}"
Xiangrong Zhang,Licheng Jiao,26,27,290,0.9629629629629629,0.0896551724137931,0.08934707903780069,0.2938275182356845,0.526309067688378,0.9037800687285223,"{2013: 1, 2014: 4, 2015: 3, 2016: 4, 2018: 6, 2019: 8}"
Jingkuan Song,Heng Tao Shen,28,43,99,0.6511627906976745,0.2828282828282828,0.24561403508771928,0.429147123880256,0.46699553676297867,0.49122807017543857,"{2013: 1, 2015: 1, 2016: 5, 2017: 5, 2018: 9, 2019: 6, 2021: 1}"
Nan Duan,Ming Zhou,23,24,116,0.9583333333333334,0.19827586206896552,0.19658119658119658,0.43590637505786944,0.5783045977011494,0.7863247863247863,"{2013: 1, 2014: 2, 2015: 1, 2016: 1, 2017: 5, 2018: 7, 2019: 4, 2022: 2}"
Junchi Yan,Xiaokang Yang,21,23,136,0.9130434782608695,0.15441176470588236,0.15217391304347827,0.37547923342237954,0.5337276214833759,0.8188405797101449,"{2013: 1, 2014: 1, 2015: 3, 2016: 4, 2017: 2, 2018: 1, 2019: 3, 2021: 4, 2022: 2}"
Manuel Graña,Jose Manuel Lopez-Guede,20,28,20,0.7142857142857143,1.0,0.7142857142857143,0.8451542547285166,0.8571428571428572,0.2857142857142857,"{2013: 2, 2015: 4, 2016: 2, 2017: 4, 2018: 4, 2019: 4}"
Jose Manuel Lopez-Guede,Manuel Graña,20,20,28,1.0,0.7142857142857143,0.7142857142857143,0.8451542547285166,0.8571428571428572,0.2857142857142857,"{2013: 2, 2015: 4, 2016: 2, 2017: 4, 2018: 4, 2019: 4}"
Xiongkuo Min,Guangtao Zhai,27,29,108,0.9310344827586207,0.25,0.24545454545454545,0.4824506406770077,0.5905172413793103,0.7181818181818181,"{2013: 1, 2014: 7, 2015: 3, 2017: 3, 2018: 6, 2019: 6, 2020: 1}"
Yaozong Gao,Dinggang Shen,62,62,389,1.0,0.15938303341902313,0.15938303341902313,0.39922804688426283,0.5796915167095116,0.8406169665809768,"{2013: 4, 2014: 11, 2015: 19, 2016: 15, 2017: 4, 2018: 6, 2019: 3}"
Jinglei Lv,Tianming Liu,40,41,99,0.975609756097561,0.40404040404040403,0.4,0.6278421457973482,0.6898250800689825,0.58,"{2013: 7, 2014: 3, 2015: 11, 2016: 12, 2017: 2, 2018: 5}"
Xi Jiang,Tianming Liu,39,40,99,0.975,0.3939393939393939,0.39,0.619750683009635,0.684469696969697,0.59,"{2013: 10, 2014: 2, 2015: 12, 2016: 6, 2017: 2, 2018: 7}"
Bokai Cao,Philip S. Yu,22,22,190,1.0,0.11578947368421053,0.11578947368421053,0.3402785236893603,0.5578947368421052,0.8842105263157894,"{2013: 1, 2014: 2, 2015: 4, 2016: 4, 2017: 8, 2018: 3}"
Chang Xu,Dacheng Tao,34,34,372,1.0,0.0913978494623656,0.0913978494623656,0.30232077246257094,0.5456989247311828,0.9086021505376344,"{2013: 2, 2014: 2, 2015: 5, 2016: 2, 2017: 8, 2018: 6, 2019: 7, 2020: 2}"
Hanwang Zhang,Tat-Seng Chua,25,37,91,0.6756756756756757,0.27472527472527475,0.24271844660194175,0.430842413911613,0.4752004752004752,0.5242718446601942,"{2013: 1, 2014: 4, 2015: 2, 2016: 11, 2017: 4, 2018: 2, 2019: 1}"
Cheng Wang,Jonathan Li,38,38,81,1.0,0.4691358024691358,0.4691358024691358,0.6849348892187751,0.7345679012345678,0.5308641975308642,"{2013: 2, 2014: 6, 2015: 5, 2016: 7, 2017: 7, 2018: 5, 2019: 5, 2020: 1}"
Radu Timofte,Luc Van Gool,37,41,99,0.9024390243902439,0.37373737373737376,0.3592233009708738,0.580753984862547,0.6380881990638089,0.5631067961165048,"{2013: 4, 2014: 4, 2015: 10, 2016: 6, 2017: 3, 2018: 8, 2019: 2}"
Ying Nian Wu,"Zhu, Song-Chun",23,23,64,1.0,0.359375,0.359375,0.59947894041409,0.6796875,0.640625,"{2013: 1, 2014: 1, 2015: 2, 2016: 5, 2017: 4, 2018: 7, 2019: 3}"
Xiaofeng Zhu,Dinggang Shen,20,32,389,0.625,0.05141388174807198,0.04987531172069826,0.17925868484551868,0.33820694087403597,0.8902743142144638,"{2014: 5, 2015: 1, 2016: 6, 2017: 4, 2019: 4}"
Jinqiao Wang,Hanqing Lu,46,51,140,0.9019607843137255,0.32857142857142857,0.31724137931034485,0.5443882285808235,0.6152661064425771,0.6137931034482759,"{2013: 5, 2014: 11, 2015: 10, 2016: 11, 2017: 2, 2018: 3, 2019: 3, 2021: 1}"
Guorong Li,Qingming Huang,22,22,176,1.0,0.125,0.125,0.3535533905932738,0.5625,0.875,"{2013: 4, 2014: 3, 2017: 4, 2018: 6, 2019: 5}"
Jing Qin,Pheng-Ann Heng,41,45,90,0.9111111111111111,0.45555555555555555,0.43617021276595747,0.6442528450810766,0.6833333333333333,0.4787234042553192,"{2013: 2, 2014: 3, 2015: 6, 2016: 8, 2017: 9, 2018: 10, 2019: 3}"
Fumin Shen,Heng Tao Shen,37,49,99,0.7551020408163265,0.37373737373737376,0.3333333333333333,0.5312342737798693,0.5644197072768501,0.45045045045045046,"{2014: 1, 2015: 2, 2016: 7, 2017: 9, 2018: 8, 2019: 7, 2020: 1, 2021: 1, 2022: 1}"
Yanfeng Sun,Junbin Gao,20,20,71,1.0,0.28169014084507044,0.28169014084507044,0.5307448924342753,0.6408450704225352,0.7183098591549296,"{2013: 1, 2014: 3, 2015: 3, 2016: 6, 2018: 3, 2019: 4}"
Xin Jin,Qionghai Dai,32,32,140,1.0,0.22857142857142856,0.22857142857142856,0.47809144373375745,0.6142857142857143,0.7714285714285715,"{2013: 1, 2014: 4, 2015: 5, 2016: 8, 2017: 4, 2018: 7, 2019: 3}"
Douglas C. Creighton,Saeid Nahavandi,37,37,104,1.0,0.3557692307692308,0.3557692307692308,0.5964639392027239,0.6778846153846154,0.6442307692307693,"{2013: 4, 2014: 12, 2015: 16, 2016: 1, 2017: 2, 2018: 1, 2019: 1}"
Xuguang Lan,Nanning Zheng,25,25,125,1.0,0.2,0.2,0.4472135954999579,0.6,0.8,"{2013: 2, 2014: 3, 2015: 2, 2016: 1, 2017: 4, 2018: 8, 2019: 5}"
Qinghua Huang,Xuelong Li,20,20,349,1.0,0.05730659025787966,0.05730659025787966,0.23938794927456072,0.5286532951289399,0.9426934097421203,"{2013: 1, 2014: 3, 2015: 4, 2016: 2, 2017: 4, 2018: 4, 2019: 2}"
Gong Cheng,Junwei Han,26,26,140,1.0,0.18571428571428572,0.18571428571428572,0.4309458036856673,0.5928571428571429,0.8142857142857143,"{2013: 1, 2014: 2, 2015: 7, 2016: 6, 2018: 5, 2019: 2, 2022: 3}"
Jen-Hong Tan,U Rajendra Acharya,27,28,110,0.9642857142857143,0.24545454545454545,0.24324324324324326,0.4865062298556018,0.6048701298701299,0.7387387387387387,"{2013: 2, 2014: 3, 2015: 1, 2016: 4, 2017: 8, 2018: 8, 2019: 1}"
Bing Qin,Ting Liu,55,55,116,1.0,0.47413793103448276,0.47413793103448276,0.6885767430246847,0.7370689655172413,0.5258620689655172,"{2013: 7, 2014: 9, 2015: 11, 2016: 8, 2017: 6, 2018: 6, 2019: 5, 2020: 3}"
Zhenfeng Zhu,Yao Zhao,27,27,151,1.0,0.17880794701986755,0.17880794701986755,0.4228568871614456,0.5894039735099338,0.8211920529801324,"{2013: 4, 2014: 3, 2015: 7, 2016: 1, 2017: 1, 2018: 5, 2019: 4, 2020: 2}"
"Xie, Pengtao",Eric Xing,27,27,104,1.0,0.25961538461538464,0.25961538461538464,0.5095246653650681,0.6298076923076923,0.7403846153846154,"{2013: 1, 2015: 9, 2016: 1, 2017: 10, 2018: 5, 2019: 1}"
Weisheng Dong,Guangming Shi,38,38,108,1.0,0.35185185185185186,0.35185185185185186,0.5931710140017395,0.6759259259259259,0.6481481481481481,"{2013: 3, 2014: 3, 2015: 5, 2016: 2, 2017: 4, 2018: 13, 2019: 5, 2022: 3}"
David J. Dittman,Taghi M. Khoshgoftaar,20,20,50,1.0,0.4,0.4,0.6324555320336759,0.7,0.6,"{2013: 4, 2014: 4, 2015: 11, 2016: 1}"
Hongfu Liu,Yun Fu,28,30,150,0.9333333333333333,0.18666666666666668,0.18421052631578946,0.4173993557999608,0.56,0.7894736842105263,"{2015: 3, 2016: 7, 2017: 6, 2018: 7, 2019: 4, 2020: 1}"
Ronghua Shang,Licheng Jiao,35,35,290,1.0,0.1206896551724138,0.1206896551724138,0.3474041668898256,0.5603448275862069,0.8793103448275862,"{2013: 1, 2014: 4, 2015: 3, 2016: 11, 2017: 4, 2018: 5, 2019: 6, 2020: 1}"
Guiguang Ding,Jungong Han,44,53,97,0.8301886792452831,0.4536082474226804,0.41509433962264153,0.6136614961219277,0.6418984633339817,0.41509433962264153,"{2017: 15, 2018: 13, 2019: 14, 2020: 1, 2022: 1}"
Santu Rana,Svetha Venkatesh,48,48,123,1.0,0.3902439024390244,0.3902439024390244,0.6246950475544243,0.6951219512195121,0.6097560975609756,"{2013: 2, 2014: 3, 2015: 5, 2016: 10, 2017: 5, 2018: 9, 2019: 8, 2020: 3, 2021: 1, 2022: 2}"
Jinman Kim,Dagan Feng,44,44,169,1.0,0.2603550295857988,0.2603550295857988,0.5102499677469846,0.6301775147928994,0.7396449704142012,"{2013: 4, 2014: 3, 2015: 3, 2016: 12, 2017: 9, 2018: 7, 2019: 6}"
Ashnil Kumar,Dagan Feng,24,24,169,1.0,0.14201183431952663,0.14201183431952663,0.3768445758127966,0.5710059171597633,0.8579881656804734,"{2013: 3, 2014: 2, 2015: 2, 2016: 6, 2017: 6, 2018: 2, 2019: 3}"
Ashnil Kumar,Jinman Kim,23,24,44,0.9583333333333334,0.5227272727272727,0.5111111111111111,0.7077760731311632,0.740530303030303,0.4444444444444444,"{2013: 3, 2014: 2, 2015: 2, 2016: 6, 2017: 6, 2018: 1, 2019: 3}"
Hu Han,Shiguang Shan,23,35,123,0.6571428571428571,0.18699186991869918,0.17037037037037037,0.35054296692539627,0.4220673635307782,0.6518518518518519,"{2013: 1, 2015: 1, 2016: 1, 2017: 2, 2018: 10, 2019: 7, 2022: 1}"
Hu Han,Xilin Chen,21,35,117,0.6,0.1794871794871795,0.16030534351145037,0.3281650616569468,0.38974358974358975,0.6259541984732825,"{2013: 1, 2015: 1, 2016: 1, 2017: 2, 2018: 10, 2019: 6}"
Francisco Chiclana,Enrique Herrera-Viedma,35,44,82,0.7954545454545454,0.4268292682926829,0.38461538461538464,0.5826862634355235,0.6111419068736141,0.4175824175824176,"{2013: 1, 2014: 4, 2015: 3, 2016: 3, 2017: 5, 2018: 12, 2019: 6, 2020: 1}"
Kim-Han Thung,Dinggang Shen,23,23,389,1.0,0.05912596401028278,0.05912596401028278,0.24315831059267287,0.5295629820051414,0.9408740359897172,"{2013: 1, 2014: 1, 2015: 6, 2016: 3, 2017: 4, 2018: 2, 2019: 4, 2020: 2}"
Wenjia Bai,Daniel Rueckert,29,29,124,1.0,0.23387096774193547,0.23387096774193547,0.4836020758246758,0.6169354838709677,0.7661290322580645,"{2013: 3, 2014: 2, 2015: 7, 2016: 2, 2017: 7, 2018: 6, 2019: 2}"
Ruiqin Xiong,Wen Gao,37,45,208,0.8222222222222222,0.1778846153846154,0.1712962962962963,0.3824404316500594,0.5000534188034188,0.7546296296296297,"{2013: 1, 2014: 6, 2015: 9, 2016: 3, 2017: 9, 2018: 7, 2019: 2}"
Ruiqin Xiong,Siwei Ma,30,45,130,0.6666666666666666,0.23076923076923078,0.20689655172413793,0.3922322702763681,0.4487179487179487,0.5862068965517241,"{2013: 1, 2014: 7, 2015: 12, 2016: 2, 2017: 4, 2018: 2, 2019: 2}"
Yongbing Zhang,Qionghai Dai,31,39,140,0.7948717948717948,0.22142857142857142,0.20945945945945946,0.41953227051959424,0.5081501831501831,0.6824324324324325,"{2013: 1, 2014: 5, 2015: 8, 2016: 7, 2017: 3, 2018: 4, 2019: 1, 2020: 2}"
Ben Glocker,Daniel Rueckert,29,33,124,0.8787878787878788,0.23387096774193547,0.2265625,0.45334641462352376,0.5563294232649071,0.7109375,"{2014: 1, 2015: 3, 2016: 8, 2017: 8, 2018: 8, 2019: 1}"
José Manuel Benítez,Francisco Herrera,20,20,167,1.0,0.11976047904191617,0.11976047904191617,0.34606427010299134,0.5598802395209581,0.8802395209580839,"{2014: 7, 2015: 5, 2016: 2, 2017: 4, 2018: 2}"
Serkan Kiranyaz,Moncef Gabbouj,35,35,109,1.0,0.3211009174311927,0.3211009174311927,0.566657672171826,0.6605504587155964,0.6788990825688074,"{2013: 3, 2014: 4, 2015: 4, 2016: 7, 2017: 5, 2018: 8, 2019: 3, 2020: 1}"
Sergey Plis,Vince D. Calhoun,20,20,67,1.0,0.29850746268656714,0.29850746268656714,0.546358364708153,0.6492537313432836,0.7014925373134329,"{2013: 1, 2014: 3, 2015: 5, 2016: 5, 2017: 3, 2018: 2, 2019: 1}"
Nenghai Yu,Weiming Zhang,46,73,47,0.6301369863013698,0.9787234042553191,0.6216216216216216,0.7853214732707009,0.8044301952783445,0.35135135135135137,"{2013: 2, 2014: 6, 2015: 4, 2016: 5, 2017: 5, 2018: 11, 2019: 12, 2022: 1}"
Weiming Zhang,Nenghai Yu,46,47,73,0.9787234042553191,0.6301369863013698,0.6216216216216216,0.7853214732707009,0.8044301952783445,0.35135135135135137,"{2013: 2, 2014: 6, 2015: 4, 2016: 5, 2017: 5, 2018: 11, 2019: 12, 2022: 1}"
Gui-Song Xia,Liangpei Zhang,26,26,267,1.0,0.09737827715355805,0.09737827715355805,0.3120549265010217,0.548689138576779,0.9026217228464419,"{2013: 1, 2014: 4, 2015: 8, 2016: 6, 2017: 2, 2018: 5}"
Yuchen Guo,Guiguang Ding,29,29,53,1.0,0.5471698113207547,0.5471698113207547,0.7397092748646287,0.7735849056603774,0.4528301886792453,"{2013: 1, 2017: 9, 2018: 6, 2019: 11, 2020: 1, 2022: 1}"
Yuchen Guo,Jungong Han,28,29,97,0.9655172413793104,0.28865979381443296,0.2857142857142857,0.5279261386035283,0.6270885175968717,0.6938775510204082,"{2017: 9, 2018: 6, 2019: 11, 2020: 1, 2022: 1}"
Hongying Liu,Licheng Jiao,26,26,290,1.0,0.0896551724137931,0.0896551724137931,0.29942473580817114,0.5448275862068965,0.9103448275862069,"{2014: 3, 2015: 3, 2016: 11, 2017: 5, 2018: 2, 2019: 1, 2020: 1}"
Harith Al-Sahaf,Mengjie Zhang,21,21,186,1.0,0.11290322580645161,0.11290322580645161,0.3360107525161235,0.5564516129032258,0.8870967741935484,"{2013: 2, 2014: 2, 2015: 4, 2016: 1, 2017: 6, 2018: 3, 2019: 3}"
Xiaohua Xie,Jianhuang Lai,25,25,86,1.0,0.29069767441860467,0.29069767441860467,0.539163866017192,0.6453488372093024,0.7093023255813954,"{2013: 1, 2014: 1, 2017: 2, 2018: 14, 2019: 4, 2020: 2, 2022: 1}"
Sihong Xie,Philip S. Yu,23,23,190,1.0,0.12105263157894737,0.12105263157894737,0.3479261869692297,0.5605263157894737,0.8789473684210526,"{2013: 1, 2014: 1, 2015: 6, 2016: 6, 2017: 5, 2018: 2, 2019: 2}"
Xinfeng Zhang,Siwei Ma,20,23,130,0.8695652173913043,0.15384615384615385,0.15037593984962405,0.36575847797972755,0.5117056856187291,0.8045112781954887,"{2013: 1, 2014: 1, 2015: 1, 2017: 4, 2018: 7, 2019: 6}"
Wei Li,Qian Du,38,42,109,0.9047619047619048,0.3486238532110092,0.336283185840708,0.5616240570672052,0.626692878986457,0.5929203539823009,"{2014: 4, 2015: 13, 2016: 10, 2017: 6, 2018: 1, 2019: 4}"
Xuemei Xie,Guangming Shi,35,35,108,1.0,0.32407407407407407,0.32407407407407407,0.569275042553311,0.662037037037037,0.6759259259259259,"{2015: 4, 2016: 3, 2017: 11, 2018: 9, 2019: 8}"
Dingwen Zhang,Junwei Han,23,24,140,0.9583333333333334,0.16428571428571428,0.16312056737588654,0.3967876966218537,0.5613095238095238,0.8226950354609929,"{2014: 2, 2015: 4, 2016: 5, 2017: 3, 2018: 6, 2019: 2, 2020: 1}"
Hongsheng Li,Xiaogang Wang,23,24,106,0.9583333333333334,0.2169811320754717,0.21495327102803738,0.45600466178793286,0.5876572327044025,0.7663551401869159,"{2014: 2, 2015: 1, 2016: 5, 2017: 4, 2018: 4, 2019: 7}"
Biao Hou,Licheng Jiao,49,49,290,1.0,0.16896551724137931,0.16896551724137931,0.41105415366029247,0.5844827586206897,0.8310344827586207,"{2014: 1, 2015: 7, 2016: 15, 2017: 7, 2018: 10, 2019: 7, 2020: 2}"
Pedram Ghamisi,Jon Atli Benediktsson,20,23,92,0.8695652173913043,0.21739130434782608,0.21052631578947367,0.43478260869565216,0.5434782608695652,0.7263157894736842,"{2013: 1, 2014: 5, 2015: 4, 2016: 2, 2018: 2, 2019: 5, 2020: 1}"
Sailesh Conjeti,Nassir Navab,24,24,116,1.0,0.20689655172413793,0.20689655172413793,0.454858826147342,0.603448275862069,0.7931034482758621,"{2014: 2, 2015: 5, 2016: 7, 2017: 4, 2018: 5, 2019: 1}"
Joel E. W. Koh,U Rajendra Acharya,26,27,110,0.9629629629629629,0.23636363636363636,0.23423423423423423,0.4770842982214229,0.5996632996632997,0.7477477477477478,"{2014: 1, 2015: 2, 2016: 6, 2017: 9, 2018: 6, 2019: 2}"
Hengshu Zhu,Hui Xiong,28,31,100,0.9032258064516129,0.28,0.27184466019417475,0.5028948456749698,0.5916129032258064,0.6699029126213593,"{2014: 1, 2015: 2, 2016: 3, 2017: 2, 2018: 3, 2019: 10, 2020: 4, 2021: 1, 2022: 2}"
Yannis Panagakis,Stefanos Zafeririou,21,21,86,1.0,0.2441860465116279,0.2441860465116279,0.4941518456017623,0.622093023255814,0.7558139534883721,"{2013: 1, 2014: 2, 2015: 3, 2016: 2, 2017: 6, 2018: 7}"
Mohammed Hossny,Saeid Nahavandi,23,23,104,1.0,0.22115384615384615,0.22115384615384615,0.47026997156298017,0.6105769230769231,0.7788461538461539,"{2013: 1, 2014: 4, 2015: 1, 2016: 6, 2017: 3, 2018: 7, 2019: 1}"
Long Chen,C. L. Philip Chen,20,22,78,0.9090909090909091,0.2564102564102564,0.25,0.4828045495852676,0.5827505827505828,0.7,"{2014: 2, 2015: 2, 2016: 6, 2017: 3, 2018: 5, 2019: 2}"
Jiawei Zhang,Philip S. Yu,32,32,190,1.0,0.16842105263157894,0.16842105263157894,0.41039134083406165,0.5842105263157895,0.8315789473684211,"{2014: 2, 2015: 7, 2016: 8, 2017: 5, 2018: 5, 2019: 3, 2021: 1, 2022: 1}"
Zhengming Ding,Yun Fu,47,47,150,1.0,0.31333333333333335,0.31333333333333335,0.5597618541248888,0.6566666666666667,0.6866666666666666,"{2014: 2, 2015: 6, 2016: 5, 2017: 7, 2018: 15, 2019: 10, 2020: 2}"
Bing Xue,Mengjie Zhang,61,61,186,1.0,0.3279569892473118,0.3279569892473118,0.5726752912840852,0.6639784946236559,0.6720430107526881,"{2014: 3, 2015: 6, 2016: 13, 2017: 25, 2018: 5, 2019: 9}"
Hao Chen,Pheng-Ann Heng,27,29,90,0.9310344827586207,0.3,0.29347826086956524,0.5284981975632331,0.6155172413793103,0.6630434782608695,"{2014: 1, 2015: 4, 2016: 6, 2017: 6, 2018: 5, 2019: 4, 2020: 1}"
Hao Chen,Qi Dou,20,29,29,0.6896551724137931,0.6896551724137931,0.5263157894736842,0.6896551724137931,0.6896551724137931,0.0,"{2015: 2, 2016: 4, 2017: 5, 2018: 5, 2019: 3, 2020: 1}"
Qi Dou,Hao Chen,20,29,29,0.6896551724137931,0.6896551724137931,0.5263157894736842,0.6896551724137931,0.6896551724137931,0.0,"{2015: 2, 2016: 4, 2017: 5, 2018: 5, 2019: 3, 2020: 1}"
Xu Jun,Jiafeng Guo,28,28,53,1.0,0.5283018867924528,0.5283018867924528,0.726843784311631,0.7641509433962264,0.4716981132075472,"{2015: 6, 2016: 9, 2017: 4, 2018: 7, 2019: 2}"
Xu Jun,Xueqi Cheng,28,28,104,1.0,0.2692307692307692,0.2692307692307692,0.5188745216627708,0.6346153846153846,0.7307692307692307,"{2015: 6, 2016: 9, 2017: 4, 2018: 7, 2019: 2}"
Xu Jun,Yanyan Lan,27,28,49,0.9642857142857143,0.5510204081632653,0.54,0.7289314836606524,0.7576530612244898,0.42,"{2015: 6, 2016: 8, 2017: 4, 2018: 7, 2019: 2}"
Eric Rice,Milind Tambe,20,20,77,1.0,0.2597402597402597,0.2597402597402597,0.5096471914376256,0.6298701298701299,0.7402597402597403,"{2015: 1, 2016: 3, 2017: 6, 2018: 7, 2019: 1, 2021: 2}"
Wei-Nan Zhang,Ting Liu,20,20,116,1.0,0.1724137931034483,0.1724137931034483,0.41522739926869984,0.5862068965517242,0.8275862068965517,"{2015: 1, 2016: 2, 2017: 4, 2018: 6, 2019: 3, 2020: 4}"
Philippe Fournier-Viger,Jerry Chun-Wei Lin,58,62,95,0.9354838709677419,0.6105263157894737,0.5858585858585859,0.7557364098827122,0.7730050933786078,0.3333333333333333,"{2015: 8, 2016: 27, 2017: 12, 2018: 3, 2019: 6, 2020: 2}"
Jerry Chun-Wei Lin,Philippe Fournier-Viger,58,95,62,0.6105263157894737,0.9354838709677419,0.5858585858585859,0.7557364098827122,0.7730050933786078,0.3333333333333333,"{2015: 8, 2016: 27, 2017: 12, 2018: 3, 2019: 6, 2020: 2}"
Mingxia Liu,Dinggang Shen,32,32,389,1.0,0.08226221079691516,0.08226221079691516,0.2868138957528299,0.5411311053984575,0.9177377892030848,"{2015: 1, 2016: 5, 2017: 8, 2018: 12, 2019: 3, 2020: 3}"
Nikolaos Passalis,Anastasios Tefas,24,24,117,1.0,0.20512820512820512,0.20512820512820512,0.4529108136578383,0.6025641025641025,0.7948717948717948,"{2016: 2, 2017: 6, 2018: 6, 2019: 10}"
Yu-Ping Wang,Vince D. Calhoun,24,24,67,1.0,0.3582089552238806,0.3582089552238806,0.5985056016645797,0.6791044776119403,0.6417910447761194,"{2014: 1, 2015: 1, 2016: 5, 2018: 9, 2019: 5, 2020: 3}"
Hang Su,Jun Zhu,24,29,77,0.8275862068965517,0.3116883116883117,0.2926829268292683,0.5078867468285818,0.5696372592924317,0.5853658536585366,"{2016: 3, 2017: 5, 2018: 5, 2019: 7, 2021: 1, 2022: 3}"
Zhou Zhao,Yueting Zhuang,23,32,94,0.71875,0.24468085106382978,0.22330097087378642,0.41936185055644687,0.4817154255319149,0.6019417475728155,"{2015: 1, 2016: 5, 2017: 6, 2018: 8, 2019: 3}"
Palaiahnakote Shivakumara,Tong Lu,21,28,22,0.75,0.9545454545454546,0.7241379310344828,0.8461141122266493,0.8522727272727273,0.20689655172413793,"{2015: 3, 2016: 4, 2017: 2, 2018: 9, 2019: 3}"
Tong Lu,Palaiahnakote Shivakumara,21,22,28,0.9545454545454546,0.75,0.7241379310344828,0.8461141122266493,0.8522727272727273,0.20689655172413793,"{2015: 3, 2016: 4, 2017: 2, 2018: 9, 2019: 3}"
Tong Lu,Pal Umapada,21,22,84,0.9545454545454546,0.25,0.24705882352941178,0.4885042104591972,0.6022727272727273,0.7294117647058823,"{2015: 3, 2016: 4, 2017: 2, 2018: 9, 2019: 3}"
Yuki Hagiwara,U Rajendra Acharya,28,28,110,1.0,0.2545454545454545,0.2545454545454545,0.504524979109513,0.6272727272727272,0.7454545454545455,"{2016: 4, 2017: 9, 2018: 12, 2019: 3}"
Jing Xiao,Ruimin Hu,20,20,115,1.0,0.17391304347826086,0.17391304347826086,0.41702882811414954,0.5869565217391304,0.8260869565217391,"{2015: 8, 2016: 5, 2017: 3, 2018: 1, 2019: 2, 2020: 1}"
Federico Tombari,Nassir Navab,24,26,116,0.9230769230769231,0.20689655172413793,0.2033898305084746,0.43701422443753785,0.5649867374005305,0.7627118644067796,"{2015: 5, 2016: 4, 2017: 5, 2018: 8, 2019: 2}"
Qi Dou,Pheng-Ann Heng,29,29,90,1.0,0.32222222222222224,0.32222222222222224,0.5676462121975467,0.6611111111111111,0.6777777777777778,"{2015: 3, 2016: 4, 2017: 7, 2018: 7, 2019: 5, 2020: 2, 2022: 1}"
Syed Saqib Bukhari,Andreas Dengel,27,27,89,1.0,0.30337078651685395,0.30337078651685395,0.5507910552258941,0.651685393258427,0.6966292134831461,"{2015: 3, 2016: 3, 2017: 6, 2018: 7, 2019: 8}"
Wen Lu,Xinbo Gao,22,22,179,1.0,0.12290502793296089,0.12290502793296089,0.35057813384887665,0.5614525139664804,0.8770949720670391,"{2015: 5, 2017: 2, 2018: 7, 2019: 8}"
Lianli Gao,Jingkuan Song,20,23,43,0.8695652173913043,0.46511627906976744,0.43478260869565216,0.6359630007488933,0.6673407482305359,0.43478260869565216,"{2015: 2, 2016: 3, 2017: 3, 2018: 9, 2019: 2, 2021: 1}"
Shanshe Wang,Siwei Ma,32,33,130,0.9696969696969697,0.24615384615384617,0.24427480916030533,0.4885638532419674,0.607925407925408,0.7404580152671756,"{2015: 3, 2016: 4, 2017: 3, 2018: 12, 2019: 10}"
Shanshe Wang,Shiqi Wang,21,33,121,0.6363636363636364,0.17355371900826447,0.15789473684210525,0.3323300704608777,0.4049586776859504,0.6616541353383458,"{2015: 1, 2016: 3, 2017: 2, 2018: 9, 2019: 6}"
Dong Liu,Feng Wu,26,33,99,0.7878787878787878,0.26262626262626265,0.24528301886792453,0.45488203027061425,0.5252525252525253,0.6226415094339622,"{2015: 1, 2017: 9, 2018: 10, 2019: 6}"
Jun Zhang,Dinggang Shen,23,25,389,0.92,0.05912596401028278,0.058823529411764705,0.23322925821916116,0.4895629820051414,0.9309462915601023,"{2015: 2, 2016: 7, 2017: 8, 2018: 4, 2019: 1, 2020: 1}"
E. Adeli,Dinggang Shen,29,30,389,0.9666666666666667,0.07455012853470437,0.07435897435897436,0.26844948174696526,0.5206083976006856,0.9205128205128205,"{2015: 4, 2016: 8, 2017: 3, 2018: 6, 2019: 5, 2020: 3}"
Fei Fang,Milind Tambe,23,23,77,1.0,0.2987012987012987,0.2987012987012987,0.5465357250000211,0.6493506493506493,0.7012987012987013,"{2015: 1, 2016: 5, 2017: 4, 2018: 6, 2019: 3, 2020: 1, 2021: 1, 2022: 2}"
Dong Nie,Dinggang Shen,24,24,389,1.0,0.061696658097686374,0.061696658097686374,0.24838811988033238,0.5308483290488432,0.9383033419023136,"{2016: 2, 2017: 5, 2018: 8, 2019: 7, 2020: 2}"
Weili Lin,Dinggang Shen,33,33,389,1.0,0.08483290488431877,0.08483290488431877,0.29126088800990557,0.5424164524421594,0.9151670951156813,"{2016: 2, 2017: 12, 2018: 9, 2019: 8, 2020: 2}"
Xiangnan He,Tat-Seng Chua,20,22,91,0.9090909090909091,0.21978021978021978,0.21505376344086022,0.4469901562676742,0.5644355644355644,0.7419354838709677,"{2016: 1, 2017: 3, 2018: 9, 2019: 6, 2020: 1}"
Fang Bin,Fuchun Sun,22,22,99,1.0,0.2222222222222222,0.2222222222222222,0.4714045207910317,0.6111111111111112,0.7777777777777778,"{2017: 7, 2018: 4, 2019: 10, 2020: 1}"
