height,length,area,eccen,p_black,p_and,mean_tr,blackpix,blackand,wb_trans,classification,Predict classification
1,16,16,16.000,1.00,1.00,16.00,16,16,1,horiz,horiz
8,272,2176,34.000,.186,.539,1.35,404,1172,299,text,text
9,99,891,11.000,.484,.951,2.52,431,847,171,text,text
12,72,864,6.000,.281,.807,2.15,243,697,113,text,text
13,9,117,.692,.402,.684,3.36,47,80,14,text,text
7,41,287,5.857,.226,.784,1.48,65,225,44,text,text
3,3,9,1.000,.778,.778,7.00,7,7,1,text,text
5,6,30,1.200,.400,.867,2.00,12,26,6,text,text
9,37,333,4.111,.213,.706,1.54,71,235,46,text,text
12,271,3252,22.583,.246,.615,1.95,799,1999,410,text,text
10,51,510,5.100,.306,.855,2.29,156,436,68,text,text
7,243,1701,34.714,.219,.528,1.62,372,898,230,text,text
10,48,480,4.800,.300,.556,2.15,144,267,67,text,text
9,105,945,11.667,.334,.869,2.19,316,821,144,text,text
10,12,120,1.200,.225,.558,2.70,27,67,10,text,text
8,110,880,13.750,.230,.872,1.66,202,767,122,text,text
8,18,144,2.250,.472,1.00,2.52,68,144,27,text,text
6,18,108,3.000,.500,.991,2.45,54,107,22,text,text
4,22,88,5.500,.432,.977,1.46,38,86,26,text,text
10,16,160,1.600,.425,.794,7.56,68,127,9,text,text
9,82,738,9.111,.379,.879,2.35,280,649,119,text,text
13,5,65,.385,.323,.554,5.25,21,36,4,picture,text
8,190,1520,23.750,.118,.620,1.21,179,943,148,text,text
7,23,161,3.286,.447,1.00,1.95,72,161,37,text,text
10,20,200,2.000,.385,.870,2.14,77,174,36,text,text
1,9,9,9.000,.778,1.00,7.00,7,9,1,horiz,horiz
3,500,1500,166.67,.373,.421,19.28,559,632,29,horiz,horiz
10,53,530,5.300,.343,.811,2.00,182,430,91,text,text
6,8,48,1.333,.313,.875,1.07,15,42,14,text,text
25,84,2100,3.360,.443,.820,8.45,930,1722,110,text,text
3,3,9,1.000,.889,.889,8.00,8,8,1,text,text
9,166,1494,18.444,.386,.750,2.95,576,1121,195,text,text
9,75,675,8.333,.369,.936,2.09,249,632,119,text,text
5,16,80,3.200,.250,.938,2.00,20,75,10,text,text
9,86,774,9.556,.301,.647,2.22,233,501,105,text,text
7,12,84,1.714,.357,.810,1.67,30,68,18,text,text
9,97,873,10.778,.328,.921,1.77,286,804,162,text,text
8,57,456,7.125,.268,.798,1.45,122,364,84,text,text
9,21,189,2.333,.175,.513,1.65,33,97,20,text,text
9,64,576,7.111,.465,.899,2.58,268,518,104,text,text
7,15,105,2.143,.200,.571,1.50,21,60,14,text,text
13,80,1040,6.154,.434,.536,5.57,451,557,81,text,text
7,26,182,3.714,.445,.978,2.25,81,178,36,text,text
9,83,747,9.222,.356,.914,2.77,266,683,96,text,text
9,10,90,1.111,.144,.522,6.50,13,47,2,picture,text
9,92,828,10.222,.287,.694,1.93,238,575,123,text,text
18,342,6156,19.000,.847,.897,43.48,5217,5522,120,horiz,text
11,90,990,8.182,.385,.882,2.41,381,873,158,text,text
6,10,60,1.667,.317,.850,1.19,19,51,16,text,text
7,13,91,1.857,.363,1.00,1.94,33,91,17,text,text
7,50,350,7.143,.214,.960,1.23,75,336,61,text,text
11,125,1375,11.364,.432,.804,3.03,594,1105,196,text,text
9,151,1359,16.778,.185,.566,1.39,251,769,181,text,text
11,96,1056,8.727,.331,.954,4.32,350,1007,81,text,text
6,26,156,4.333,.288,.679,1.41,45,106,32,text,text
14,326,4564,23.286,.363,.589,4.40,1657,2689,377,text,text
7,92,644,13.143,.309,.896,1.88,199,577,106,text,text
38,410,15580,10.789,.279,.696,2.39,4341,10849,1815,text,text
1,9,9,9.000,.778,1.00,7.00,7,9,1,text,horiz
11,141,1551,12.818,.366,.790,2.85,567,1225,199,text,text
10,197,1970,19.700,.245,.751,1.87,482,1479,258,text,text
11,102,1122,9.273,.289,.829,1.87,324,930,173,text,text
5,12,60,2.400,.483,1.00,1.38,29,60,21,text,text
8,162,1296,20.250,.327,.790,2.85,424,1024,149,text,text
5,12,60,2.400,.600,.900,3.00,36,54,12,text,text
10,268,2680,26.800,.494,.754,6.02,1325,2022,220,text,text
14,2,28,.143,.536,.536,15.00,15,15,1,vert,vert
9,268,2412,29.778,.198,.637,1.36,478,1536,351,text,text
8,54,432,6.750,.245,.745,1.29,106,322,82,text,text
9,64,576,7.111,.299,.970,1.81,172,559,95,text,text
8,17,136,2.125,.346,1.00,2.47,47,136,19,text,text
5,4,20,.800,.500,.800,10.00,10,16,1,text,text
8,29,232,3.625,.384,.884,2.07,89,205,43,text,text
7,30,210,4.286,.338,.762,1.54,71,160,46,text,text
6,4,24,.667,.583,.792,3.50,14,19,4,text,text
6,8,48,1.333,.500,1.00,2.18,24,48,11,text,text
9,38,342,4.222,.211,.561,2.25,72,192,32,text,text
8,22,176,2.750,.295,.483,2.60,52,85,20,text,text
9,358,3222,39.778,.385,.863,2.36,1240,2782,525,text,text
7,346,2422,49.429,.167,.707,1.19,404,1712,339,text,text
10,107,1070,10.700,.273,.738,1.81,292,790,161,text,text
7,141,987,20.143,.160,.757,1.17,158,747,135,text,text
7,40,280,5.714,.336,.782,1.47,94,219,64,text,text
11,213,2343,19.364,.264,.698,1.95,619,1635,317,text,text
8,22,176,2.750,.426,1.00,2.42,75,176,31,text,text
7,33,231,4.714,.342,.740,1.49,79,171,53,text,text
7,191,1337,27.286,.307,.748,1.66,411,1000,247,text,text
11,98,1078,8.909,.276,.602,2.15,297,649,138,text,text
17,22,374,1.294,.321,.406,8.57,120,152,14,text,text
8,22,176,2.750,.477,1.00,2.27,84,176,37,text,text
8,74,592,9.250,.456,.887,2.48,270,525,109,text,text
10,151,1510,15.100,.193,.770,1.48,291,1162,197,text,text
1,14,14,14.000,.929,1.00,13.00,13,14,1,horiz,horiz
12,9,108,.750,.509,.657,9.17,55,71,6,text,text
8,25,200,3.125,.335,.770,1.68,67,154,40,text,text
7,29,203,4.143,.281,.783,1.33,57,159,43,text,text
8,62,496,7.750,.296,.869,1.81,147,431,81,text,text
9,47,423,5.222,.307,.872,2.03,130,369,64,text,text
7,147,1029,21.000,.215,.956,1.28,221,984,173,text,text
9,37,333,4.111,.381,.808,2.05,127,269,62,text,text
8,32,256,4.000,.336,.789,2.46,86,202,35,text,text
27,4,108,.148,.380,.750,2.56,41,81,16,vert,text
8,7,56,.875,.268,.786,1.67,15,44,9,text,text
7,9,63,1.286,.143,.238,9.00,9,15,1,picture,text
9,107,963,11.889,.357,.875,2.14,344,843,161,text,text
12,62,744,5.167,.234,.660,1.58,174,491,110,text,text
10,25,250,2.500,.408,.680,2.43,102,170,42,text,text
10,26,260,2.600,.354,.769,2.09,92,200,44,text,text
7,26,182,3.714,.396,1.00,2.00,72,182,36,text,text
11,8,88,.727,.727,.989,10.67,64,87,6,text,text
7,11,77,1.571,.377,.961,1.45,29,74,20,text,text
10,248,2480,24.800,.356,.729,2.60,883,1807,340,text,text
1,60,60,60.000,.200,1.00,1.09,12,60,11,text,text
7,4,28,.571,.250,.893,1.75,7,25,4,text,text
8,39,312,4.875,.304,.756,1.38,95,236,69,text,text
10,508,5080,50.800,.160,.628,1.41,813,3189,578,text,text
10,100,1000,10.000,.436,.910,2.53,436,910,172,text,text
8,10,80,1.250,.388,.913,2.21,31,73,14,text,text
14,57,798,4.071,.742,.970,12.08,592,774,49,text,text
8,14,112,1.750,.438,.768,2.23,49,86,22,text,text
8,106,848,13.250,.358,.698,2.29,304,592,133,text,text
8,27,216,3.375,.208,.852,1.45,45,184,31,text,text
5,43,215,8.600,.456,1.00,1.42,98,215,69,text,text
9,21,189,2.333,.365,.905,2.30,69,171,30,text,text
10,33,330,3.300,.345,.779,1.90,114,257,60,text,text
7,14,98,2.000,.184,.612,18.00,18,60,1,text,horiz
5,22,110,4.400,.536,.909,2.19,59,100,27,text,text
11,11,121,1.000,.430,.802,4.73,52,97,11,text,text
9,44,396,4.889,.449,.879,2.97,178,348,60,text,text
9,107,963,11.889,.375,.861,1.94,361,829,186,text,text
1,45,45,45.000,.933,1.00,21.00,42,45,2,horiz,horiz
5,4,20,.800,.400,.700,2.67,8,14,3,text,text
23,1,23,.043,1.00,1.00,23.00,23,23,1,vert,vert
22,71,1562,3.227,.536,.876,11.64,838,1368,72,text,text
7,11,77,1.571,.221,.922,1.21,17,71,14,text,text
3,470,1410,156.67,.352,.387,23.62,496,545,21,horiz,horiz
8,25,200,3.125,.380,.795,1.81,76,159,42,text,text
12,271,3252,22.583,.238,.571,1.98,773,1857,391,text,text
7,10,70,1.429,.329,1.00,1.77,23,70,13,text,text
8,22,176,2.750,.398,.790,2.59,70,139,27,text,text
6,14,84,2.333,.571,.976,2.40,48,82,20,text,text
10,29,290,2.900,.307,.855,1.85,89,248,48,text,text
6,17,102,2.833,.275,.824,2.00,28,84,14,text,text
6,29,174,4.833,.293,.920,1.50,51,160,34,text,text
9,42,378,4.667,.450,.905,2.79,170,342,61,text,text
7,19,133,2.714,.331,.729,1.69,44,97,26,text,text
9,52,468,5.778,.306,.718,1.66,143,336,86,text,text
7,32,224,4.571,.272,.862,1.53,61,193,40,text,text
9,42,378,4.667,.381,.931,2.48,144,352,58,text,text
7,153,1071,21.857,.467,.970,2.75,500,1039,182,text,text
6,58,348,9.667,.276,.744,1.17,96,259,82,text,text
7,74,518,10.571,.160,.830,1.12,83,430,74,text,text
8,24,192,3.000,.339,.917,1.81,65,176,36,text,text
8,8,64,1.000,.344,.922,1.83,22,59,12,text,text
63,79,4977,1.254,.338,.345,186.78,1681,1718,9,graphic,graphic
8,46,368,5.750,.348,.918,1.97,128,338,65,text,text
14,183,2562,13.071,.390,.681,4.87,998,1745,205,text,text
1,70,70,70.000,1.00,1.00,70.00,70,70,1,horiz,horiz
10,83,830,8.300,.208,.667,1.44,173,554,120,text,text
8,37,296,4.625,.334,.993,1.29,99,294,77,text,text
10,147,1470,14.700,.168,.550,1.29,247,809,191,text,text
6,7,42,1.167,.405,.952,4.25,17,40,4,text,text
8,9,72,1.125,.375,.736,2.45,27,53,11,text,text
8,39,312,4.875,.423,.955,1.83,132,298,72,text,text
10,41,410,4.100,.339,.832,2.01,139,341,69,text,text
168,135,22680,.804,.820,.904,62.81,18591,20513,296,graphic,graphic
8,12,96,1.500,.406,.917,1.56,39,88,25,text,text
8,40,320,5.000,.391,.991,2.08,125,317,60,text,text
8,107,856,13.375,.363,.734,2.24,311,628,139,text,text
6,103,618,17.167,.248,.909,1.23,153,562,124,text,text
10,157,1570,15.700,.233,.565,1.65,366,887,222,text,text
10,262,2620,26.200,.281,.691,1.89,736,1811,390,text,text
9,166,1494,18.444,.274,.606,1.88,409,905,217,text,text
8,298,2384,37.250,.242,.791,1.50,576,1886,383,text,text
8,26,208,3.250,.394,1.00,2.16,82,208,38,text,text
9,46,414,5.111,.292,.676,1.92,121,280,63,text,text
9,535,4815,59.444,.192,.658,1.42,926,3167,654,text,text
8,78,624,9.750,.244,.745,1.35,152,465,113,text,text
44,3,132,.068,.598,.841,2.47,79,111,32,vert,text
7,38,266,5.429,.226,.639,1.40,60,170,43,text,text
1,19,19,19.000,.579,1.00,3.67,11,19,3,horiz,horiz
8,4,32,.500,.469,.875,5.00,15,28,3,text,text
8,8,64,1.000,.391,1.00,2.50,25,64,10,text,text
3,183,549,61.000,.488,.577,29.78,268,317,9,horiz,horiz
10,67,670,6.700,.300,.745,2.14,201,499,94,text,text
8,25,200,3.125,.370,.730,2.06,74,146,36,text,text
10,22,220,2.200,.377,.614,2.44,83,135,34,text,text
12,404,4848,33.667,.334,.674,2.82,1617,3267,573,text,text
11,185,2035,16.818,.356,.772,2.94,724,1572,246,text,text
10,251,2510,25.100,.179,.515,1.37,449,1293,327,text,text
9,148,1332,16.444,.194,.685,1.37,258,912,189,text,text
10,39,390,3.900,.295,.908,2.09,115,354,55,text,text
8,9,72,1.125,.361,.722,1.86,26,52,14,text,text
10,19,190,1.900,.326,.768,1.59,62,146,39,text,text
9,49,441,5.444,.252,.739,1.61,111,326,69,text,text
8,54,432,6.750,.537,.951,3.36,232,411,69,text,text
10,9,90,.900,.522,.656,9.40,47,59,5,text,text
9,217,1953,24.111,.168,.686,1.40,329,1339,235,text,text
11,76,836,6.909,.254,.688,2.08,212,575,102,text,text
10,12,120,1.200,.333,.867,1.82,40,104,22,text,text
5,69,345,13.800,.249,.632,1.51,86,218,57,text,text
8,43,344,5.375,.326,.750,1.81,112,258,62,text,text
6,13,78,2.167,.269,.667,1.50,21,52,14,text,text
10,58,580,5.800,.402,.893,2.81,233,518,83,text,text
9,9,81,1.000,.630,.802,5.10,51,65,10,text,text
7,198,1386,28.286,.055,.359,1.23,76,498,62,text,picture
9,123,1107,13.667,.390,.996,2.82,432,1103,153,text,text
8,54,432,6.750,.188,.780,1.53,81,337,53,text,text
8,74,592,9.250,.568,.983,3.11,336,582,108,text,text
17,110,1870,6.471,.175,.603,1.46,328,1128,224,text,text
11,19,209,1.727,.306,.789,2.46,64,165,26,text,text
8,6,48,.750,.396,.813,1.58,19,39,12,text,text
8,26,208,3.250,.389,1.00,2.31,81,208,35,text,text
9,1,9,.111,1.00,1.00,9.00,9,9,1,vert,vert
7,31,217,4.429,.295,.857,1.64,64,186,39,text,text
9,180,1620,20.000,.374,.759,2.86,606,1230,212,text,text
1,14,14,14.000,1.00,1.00,14.00,14,14,1,horiz,horiz
11,98,1078,8.909,.397,.778,2.61,428,839,164,text,text
16,376,6016,23.500,.371,.580,5.57,2232,3490,401,text,text
8,163,1304,20.375,.383,.982,2.79,500,1280,179,text,text
6,4,24,.667,.542,1.00,1.86,13,24,7,text,text
8,47,376,5.875,.340,.753,2.00,128,283,64,text,text
9,13,117,1.444,.103,.752,4.00,12,88,3,horiz,text
11,40,440,3.636,.270,.618,1.80,119,272,66,text,text
12,85,1020,7.083,.476,.614,5.40,486,626,90,text,text
5,29,145,5.800,.538,.890,2.36,78,129,33,text,text
6,4,24,.667,.667,1.00,8.00,16,24,2,text,text
7,65,455,9.286,.284,.846,1.57,129,385,82,text,text
11,53,583,4.818,.225,.485,3.45,131,283,38,text,text
9,23,207,2.556,.324,.986,1.63,67,204,41,text,text
67,30,2010,.448,.169,.460,2.26,339,924,150,picture,text
8,28,224,3.500,.406,.777,2.07,91,174,44,text,text
10,55,550,5.500,.295,.756,1.98,162,416,82,text,text
1,44,44,44.000,.727,1.00,5.33,32,44,6,horiz,horiz
7,40,280,5.714,.229,.682,1.25,64,191,51,text,text
31,105,3255,3.387,.224,.417,5.35,728,1358,136,picture,picture
5,32,160,6.400,.413,.994,1.35,66,159,49,text,text
14,301,4214,21.500,.257,.564,2.37,1084,2378,458,text,text
7,103,721,14.714,.295,.691,1.76,213,498,121,text,text
25,203,5075,8.120,.837,.929,15.22,4246,4713,279,text,text
10,8,80,.800,.525,.875,7.00,42,70,6,text,text
9,120,1080,13.333,.176,.752,1.29,190,812,147,text,text
5,81,405,16.200,.311,.968,1.30,126,392,97,text,text
8,5,40,.625,.325,.900,6.50,13,36,2,text,text
10,251,2510,25.100,.141,.621,1.23,354,1559,287,text,text
8,15,120,1.875,.500,1.00,2.14,60,120,28,text,text
1,44,44,44.000,.250,1.00,2.20,11,44,5,horiz,horiz
7,111,777,15.857,.254,.883,1.50,197,686,131,text,text
8,41,328,5.125,.293,.872,1.43,96,286,67,text,text
8,12,96,1.500,.510,.844,2.58,49,81,19,text,text
5,52,260,10.400,.208,.542,1.35,54,141,40,text,text
11,511,5621,46.455,.170,.538,1.42,956,3023,671,text,text
8,8,64,1.000,.500,1.00,2.91,32,64,11,text,text
9,5,45,.556,.711,.889,10.67,32,40,3,text,text
6,32,192,5.333,.365,.958,1.67,70,184,42,text,text
24,64,1536,2.667,.227,.570,3.38,348,875,103,text,text
6,29,174,4.833,.305,.966,1.26,53,168,42,text,text
9,36,324,4.000,.352,.806,1.75,114,261,65,text,text
8,48,384,6.000,.396,.924,2.03,152,355,75,text,text
10,8,80,.800,.400,.700,4.00,32,56,8,text,text
16,227,3632,14.188,.410,.731,4.97,1490,2654,300,text,text
17,24,408,1.412,.360,.708,5.88,147,289,25,text,text
9,37,333,4.111,.444,.898,2.08,148,299,71,text,text
13,1,13,.077,1.00,1.00,13.00,13,13,1,vert,vert
8,27,216,3.375,.407,1.00,2.05,88,216,43,text,text
10,49,490,4.900,.551,.943,3.07,270,462,88,text,text
6,9,54,1.500,.352,.870,1.58,19,47,12,text,text
8,129,1032,16.125,.232,.823,1.46,239,849,164,text,text
11,427,4697,38.818,.566,.570,189.79,2657,2676,14,horiz,text
9,264,2376,29.333,.197,.656,1.34,468,1558,349,text,text
7,40,280,5.714,.232,.707,1.38,65,198,47,text,text
9,69,621,7.667,.343,.876,1.75,213,544,122,text,text
38,410,15580,10.789,.254,.604,2.40,3957,9403,1651,text,text
9,18,162,2.000,.327,.914,1.89,53,148,28,text,text
3,550,1650,183.33,.339,.401,15.11,559,662,37,horiz,horiz
9,52,468,5.778,.359,.827,2.40,168,387,70,text,text
1,7,7,7.000,1.00,1.00,7.00,7,7,1,text,text
9,75,675,8.333,.396,.914,2.21,267,617,121,text,text
3,3,9,1.000,.778,.778,7.00,7,7,1,text,text
10,98,980,9.800,.379,.835,2.22,371,818,167,text,text
11,118,1298,10.727,.408,.616,6.63,530,800,80,text,text
6,6,36,1.000,.361,.778,1.63,13,28,8,text,text
9,38,342,4.222,.377,.731,2.74,129,250,47,text,text
9,9,81,1.000,.296,.901,1.60,24,73,15,text,text
11,62,682,5.636,.218,.705,1.62,149,481,92,text,text
7,15,105,2.143,.314,1.00,1.57,33,105,21,text,text
7,1,7,.143,1.00,1.00,7.00,7,7,1,vert,vert
11,9,99,.818,.384,.727,3.80,38,72,10,text,text
8,8,64,1.000,.484,1.00,3.44,31,64,9,text,text
7,13,91,1.857,.330,.835,1.43,30,76,21,text,text
17,382,6494,22.471,.363,.567,5.46,2355,3680,431,text,text
8,17,136,2.125,.265,.566,1.71,36,77,21,text,text
4,89,356,22.250,.340,.916,1.64,121,326,74,text,text
10,127,1270,12.700,.388,.798,2.35,493,1014,210,text,text
10,41,410,4.100,.312,.734,1.94,128,301,66,text,text
6,39,234,6.500,.466,.889,2.10,109,208,52,text,text
7,39,273,5.571,.330,.853,1.43,90,233,63,text,text
8,28,224,3.500,.308,.835,3.14,69,187,22,text,text
10,316,3160,31.600,.366,.673,2.74,1158,2126,422,text,text
6,24,144,4.000,.292,.764,1.56,42,110,27,text,text
9,40,360,4.444,.386,.889,2.44,139,320,57,text,text
8,13,104,1.625,.356,.942,1.76,37,98,21,text,text
11,185,2035,16.818,.487,.883,4.50,991,1796,220,text,text
5,98,490,19.600,.341,.639,2.14,167,313,78,text,text
8,14,112,1.750,.482,.759,3.38,54,85,16,text,text
6,5,30,.833,.367,1.00,2.20,11,30,5,picture,text
1,257,257,257.00,1.00,1.00,257.00,257,257,1,horiz,horiz
9,369,3321,41.000,.329,.639,2.67,1094,2122,409,text,text
6,96,576,16.000,.260,.856,1.53,150,493,98,text,text
22,47,1034,2.136,.319,.753,2.13,330,779,155,text,text
8,196,1568,24.500,.142,.644,1.40,222,1010,159,text,text
11,42,462,3.818,.335,.829,2.25,155,383,69,text,text
8,2,16,.250,.563,.563,9.00,9,9,1,text,vert
24,125,3000,5.208,.915,.959,21.29,2746,2877,129,text,text
18,1,18,.056,1.00,1.00,18.00,18,18,1,vert,vert
5,12,60,2.400,.200,.583,2.00,12,35,6,text,picture
9,37,333,4.111,.517,.934,2.82,172,311,61,text,text
43,62,2666,1.442,.080,.170,6.63,212,454,32,picture,text
4,11,44,2.750,.159,.932,1.75,7,41,4,picture,text
10,34,340,3.400,.303,.815,1.84,103,277,56,text,text
10,73,730,7.300,.273,.790,1.84,199,577,108,text,text
7,19,133,2.714,.331,.767,1.42,44,102,31,text,text
10,121,1210,12.100,.402,.849,2.70,486,1027,180,text,text
7,8,56,1.143,.357,.804,2.00,20,45,10,text,text
7,18,126,2.571,.310,.960,1.39,39,121,28,text,text
8,17,136,2.125,.441,.978,1.67,60,133,36,text,text
7,7,49,1.000,.286,1.00,1.27,14,49,11,text,text
21,4,84,.190,.310,.643,3.71,26,54,7,picture,text
16,309,4944,19.313,.382,.549,5.38,1890,2713,351,text,text
9,155,1395,17.222,.376,.722,2.53,524,1007,207,text,text
7,11,77,1.571,.364,1.00,1.33,28,77,21,text,text
13,348,4524,26.769,.195,.743,1.64,881,3363,537,text,text
10,31,310,3.100,.316,.752,1.66,98,233,59,text,text
24,510,12240,21.250,.846,.927,38.65,10359,11341,268,horiz,text
11,119,1309,10.818,.261,.798,1.88,341,1045,181,text,text
10,19,190,1.900,.542,.768,7.36,103,146,14,text,text
2,116,232,58.000,.616,.802,17.88,143,186,8,horiz,horiz
6,101,606,16.833,.411,.876,1.93,249,531,129,text,text
8,98,784,12.250,.282,.864,1.42,221,677,156,text,text
7,5,35,.714,.257,.571,2.25,9,20,4,text,text
9,82,738,9.111,.337,.821,2.49,249,606,100,text,text
6,31,186,5.167,.263,.812,1.40,49,151,35,text,text
10,123,1230,12.300,.362,.888,2.99,445,1092,149,text,text
8,99,792,12.375,.351,.962,1.66,278,762,167,text,text
11,1,11,.091,1.00,1.00,11.00,11,11,1,vert,vert
12,1,12,.083,1.00,1.00,12.00,12,12,1,vert,vert
2,64,128,32.000,.430,.602,3.93,55,77,14,horiz,horiz
7,8,56,1.143,.411,.714,2.30,23,40,10,text,text
5,7,35,1.400,.600,.886,3.50,21,31,6,text,text
9,8,72,.889,.722,.792,13.00,52,57,4,text,text
10,31,310,3.100,.300,.813,3.32,93,252,28,text,text
10,413,4130,41.300,.315,.731,2.47,1302,3018,527,text,text
7,239,1673,34.143,.160,.476,1.51,268,797,177,text,text
8,6,48,.750,.375,.792,3.00,18,38,6,text,text
7,9,63,1.286,.333,.952,1.40,21,60,15,text,text
9,168,1512,18.667,.315,.697,2.15,476,1054,221,text,text
7,13,91,1.857,.308,.978,1.56,28,89,18,text,text
7,44,308,6.286,.218,.734,1.26,67,226,53,text,text
7,14,98,2.000,.255,.735,1.56,25,72,16,text,text
10,510,5100,51.000,.163,.542,1.36,832,2763,612,text,text
10,272,2720,27.200,.211,.772,1.43,573,2101,401,text,text
7,19,133,2.714,.278,.662,1.37,37,88,27,text,text
7,31,217,4.429,.396,.862,2.10,86,187,41,text,text
7,18,126,2.571,.270,.881,1.36,34,111,25,text,text
9,83,747,9.222,.284,.849,1.91,212,634,111,text,text
10,15,150,1.500,.247,.720,1.61,37,108,23,text,text
6,101,606,16.833,.393,.752,1.98,238,456,120,text,text
8,20,160,2.500,.525,.938,3.50,84,150,24,text,text
7,219,1533,31.286,.182,.798,1.26,279,1224,222,text,text
8,187,1496,23.375,.155,.747,1.38,232,1118,168,text,text
24,198,4752,8.250,.911,.983,15.80,4329,4670,274,text,text
8,132,1056,16.500,.360,.921,2.10,380,973,181,text,text
9,186,1674,20.667,.425,.786,3.24,712,1315,220,text,text
9,36,324,4.000,.531,.938,2.82,172,304,61,text,text
9,46,414,5.111,.297,.833,1.66,123,345,74,text,text
9,186,1674,20.667,.160,.814,1.26,268,1363,213,text,text
8,21,168,2.625,.357,.911,1.67,60,153,36,text,text
7,65,455,9.286,.407,.895,2.18,185,407,85,text,text
14,203,2842,14.500,.362,.670,4.36,1028,1904,236,text,text
8,34,272,4.250,.360,.717,1.88,98,195,52,text,text
10,8,80,.800,.675,1.00,9.00,54,80,6,text,text
7,17,119,2.429,.429,.908,1.89,51,108,27,text,text
7,7,49,1.000,.429,1.00,1.91,21,49,11,text,text
6,90,540,15.000,.394,.804,2.20,213,434,97,text,text
13,57,741,4.385,.745,1.00,11.50,552,741,48,text,text
9,81,729,9.000,.287,.826,2.22,209,602,94,text,text
14,364,5096,26.000,.366,.562,4.71,1865,2865,396,text,text
7,163,1141,23.286,.212,.831,1.31,242,948,185,text,text
7,346,2422,49.429,.159,.749,1.17,386,1813,329,text,text
9,81,729,9.000,.357,.863,2.22,260,629,117,text,text
6,114,684,19.000,.278,.741,1.76,190,507,108,text,text
7,7,49,1.000,.306,.898,1.36,15,44,11,text,text
7,37,259,5.286,.301,.691,1.81,78,179,43,text,text
11,87,957,7.909,.319,.628,2.65,305,601,115,text,text
6,27,162,4.500,.475,.809,2.33,77,131,33,text,text
10,67,670,6.700,.291,.588,2.27,195,394,86,text,text
9,49,441,5.444,.580,.995,2.98,256,439,86,text,text
14,27,378,1.929,.479,.709,7.24,181,268,25,text,text
27,267,7209,9.889,.362,.674,4.36,2610,4860,599,text,text
16,389,6224,24.313,.364,.569,5.35,2268,3544,424,text,text
9,180,1620,20.000,.160,.523,1.39,259,847,186,text,text
54,1,54,.019,1.00,1.00,54.00,54,54,1,vert,vert
6,19,114,3.167,.360,.711,1.58,41,81,26,text,text
1,69,69,69.000,.667,1.00,4.18,46,69,11,horiz,horiz
9,9,81,1.000,.519,.531,42.00,42,43,1,text,text
3,259,777,86.333,.960,.978,67.82,746,760,11,horiz,horiz
10,51,510,5.100,.220,.841,1.29,112,429,87,text,text
17,266,4522,15.647,.921,1.00,12.82,4167,4522,325,text,text
1,187,187,187.00,.963,1.00,25.71,180,187,7,horiz,horiz
9,22,198,2.444,.212,.763,1.62,42,151,26,text,text
1,55,55,55.000,.564,1.00,10.33,31,55,3,horiz,horiz
20,19,380,.950,.495,.713,12.53,188,271,15,text,text
14,57,798,4.071,.727,.951,11.84,580,759,49,text,text
12,101,1212,8.417,.292,.792,1.99,354,960,178,text,text
11,9,99,.818,.485,.727,6.00,48,72,8,text,text
9,47,423,5.222,.286,.738,1.95,121,312,62,text,text
6,10,60,1.667,.450,.850,1.93,27,51,14,text,text
10,79,790,7.900,.244,.742,1.79,193,586,108,text,text
28,61,1708,2.179,.172,.509,1.97,294,870,149,picture,text
8,17,136,2.125,.353,.801,2.00,48,109,24,text,text
8,14,112,1.750,.375,.839,2.10,42,94,20,text,text
7,18,126,2.571,.262,.873,1.94,33,110,17,text,text
5,12,60,2.400,.467,.600,4.67,28,36,6,text,text
7,6,42,.857,.548,.952,2.56,23,40,9,text,text
8,15,120,1.875,.317,.742,2.00,38,89,19,text,text
9,19,171,2.111,.620,.836,7.57,106,143,14,text,text
2,46,92,23.000,.587,.761,18.00,54,70,3,horiz,horiz
10,20,200,2.000,.435,.890,2.90,87,178,30,text,text
7,38,266,5.429,.353,.902,2.04,94,240,46,text,text
11,123,1353,11.182,.250,.514,1.95,338,695,173,text,text
8,231,1848,28.875,.872,.882,179.00,1611,1630,9,horiz,text
7,33,231,4.714,.143,.844,2.36,33,195,14,text,text
8,27,216,3.375,.269,.764,1.29,58,165,45,text,text
5,3,15,.600,.600,1.00,4.50,9,15,2,text,text
8,16,128,2.000,.398,.695,2.55,51,89,20,horiz,text
8,11,88,1.375,.477,.966,2.00,42,85,21,text,text
5,7,35,1.400,.543,1.00,2.11,19,35,9,text,text
8,8,64,1.000,.359,.969,1.53,23,62,15,text,text
2,98,196,49.000,.480,.653,9.40,94,128,10,horiz,horiz
10,130,1300,13.000,.425,.773,2.79,552,1005,198,text,text
6,44,264,7.333,.447,.811,2.11,118,214,56,text,text
6,7,42,1.167,.476,.976,2.22,20,41,9,text,text
9,85,765,9.444,.395,.846,2.32,302,647,130,text,text
11,98,1078,8.909,.317,.643,2.80,342,693,122,text,text
10,16,160,1.600,.300,1.00,1.85,48,160,26,text,text
5,34,170,6.800,.224,.606,1.31,38,103,29,text,text
11,367,4037,33.364,.221,.770,1.64,891,3108,544,text,text
1,16,16,16.000,.938,1.00,15.00,15,16,1,horiz,horiz
13,38,494,2.923,.285,.907,3.62,141,448,39,text,text
10,511,5110,51.100,.161,.634,1.43,822,3238,575,text,text
2,52,104,26.000,.144,.702,2.50,15,73,6,text,horiz
8,28,224,3.500,.411,.996,1.92,92,223,48,text,text
9,33,297,3.667,.330,.845,1.81,98,251,54,text,text
1,16,16,16.000,1.00,1.00,16.00,16,16,1,horiz,horiz
5,39,195,7.800,.492,.872,2.46,96,170,39,text,text
7,143,1001,20.429,.113,.528,1.47,113,529,77,text,picture
9,510,4590,56.667,.149,.592,1.28,684,2717,533,text,text
9,160,1440,17.778,.360,.763,2.63,518,1098,197,text,text
9,17,153,1.889,.608,.856,7.15,93,131,13,text,text
6,4,24,.667,.625,.792,5.00,15,19,3,text,text
7,23,161,3.286,.286,.677,1.59,46,109,29,text,text
10,52,520,5.200,.319,.802,1.87,166,417,89,text,text
9,38,342,4.222,.444,.898,2.71,152,307,56,text,text
10,262,2620,26.200,.288,.742,1.79,754,1945,421,text,text
1,117,117,117.00,.393,1.00,5.75,46,117,8,horiz,horiz
13,38,494,2.923,.312,.955,3.42,154,472,45,text,text
5,31,155,6.200,.419,.948,1.91,65,147,34,text,text
7,262,1834,37.429,.152,.684,1.28,279,1254,218,text,text
7,8,56,1.143,.268,.679,1.15,15,38,13,text,text
9,122,1098,13.556,.339,.947,2.57,372,1040,145,text,text
5,43,215,8.600,.405,.981,1.61,87,211,54,text,text
9,272,2448,30.222,.277,.670,1.86,679,1640,365,text,text
9,91,819,10.111,.302,.956,1.98,247,783,125,text,text
9,84,756,9.333,.329,.632,2.08,249,478,120,text,text
6,19,114,3.167,.333,.930,1.27,38,106,30,text,text
3,90,270,30.000,.511,.907,2.34,138,245,59,text,horiz
6,7,42,1.167,.262,.786,1.83,11,33,6,text,text
7,183,1281,26.143,.265,.664,1.88,340,850,181,text,text
9,15,135,1.667,.244,.830,1.57,33,112,21,text,text
10,23,230,2.300,.370,.830,2.30,85,191,37,text,text
7,27,189,3.857,.370,.841,1.79,70,159,39,text,text
8,51,408,6.375,.306,.637,1.95,125,260,64,text,text
10,116,1160,11.600,.246,.759,1.60,285,881,178,text,text
7,34,238,4.857,.403,.849,1.81,96,202,53,text,text
9,9,81,1.000,.160,.864,1.63,13,70,8,text,text
14,300,4200,21.429,.263,.607,2.39,1106,2550,462,text,text
5,10,50,2.000,.280,.740,7.00,14,37,2,text,text
9,80,720,8.889,.304,.838,1.80,219,603,122,text,text
7,11,77,1.571,.351,.870,1.80,27,67,15,text,text
8,18,144,2.250,.403,.896,2.52,58,129,23,text,text
7,15,105,2.143,.229,.981,1.41,24,103,17,text,text
8,69,552,8.625,.234,.683,1.54,129,377,84,text,text
10,8,80,.800,.575,.888,9.20,46,71,5,text,text
10,52,520,5.200,.306,.688,1.96,159,358,81,text,text
5,43,215,8.600,.233,.800,1.35,50,172,37,text,text
37,1,37,.027,1.00,1.00,37.00,37,37,1,vert,horiz
6,32,192,5.333,.292,.698,1.37,56,134,41,text,text
21,13,273,.619,.168,.308,2.30,46,84,20,text,text
1,70,70,70.000,.943,1.00,22.00,66,70,3,horiz,horiz
8,24,192,3.000,.260,.672,1.85,50,129,27,text,text
9,7,63,.778,.302,.603,1.90,19,38,10,text,text
10,40,400,4.000,.333,.783,1.82,133,313,73,text,text
10,18,180,1.800,.550,.656,7.62,99,118,13,text,text
5,82,410,16.400,.361,.802,2.11,148,329,70,text,text
11,357,3927,32.455,.215,.823,1.55,845,3232,546,text,text
2,537,1074,268.50,.594,.655,21.27,638,703,30,horiz,horiz
10,62,620,6.200,.265,.656,2.19,164,407,75,text,text
33,28,924,.848,.098,.271,5.69,91,250,16,picture,text
6,82,492,13.667,.104,.303,1.31,51,149,39,text,text
11,261,2871,23.727,.243,.524,1.93,698,1505,361,text,text
8,65,520,8.125,.269,.725,1.40,140,377,100,text,text
8,15,120,1.875,.267,.767,2.29,32,92,14,text,text
83,314,26062,3.783,.282,.619,8.77,7353,16139,838,picture,picture
5,7,35,1.400,.429,.886,2.50,15,31,6,text,text
10,18,180,1.800,.511,.872,2.97,92,157,31,text,text
10,98,980,9.800,.300,.781,1.72,294,765,171,text,text
212,464,98368,2.189,.052,.070,11.84,5066,6884,428,picture,picture
7,28,196,4.000,.270,.750,1.36,53,147,39,text,text
24,178,4272,7.417,.483,.933,8.00,2063,3987,258,text,text
13,77,1001,5.923,.258,.564,3.04,258,565,85,text,text
8,12,96,1.500,.417,.802,2.11,40,77,19,text,text
2,537,1074,268.50,.621,.747,16.68,667,802,40,horiz,horiz
4,11,44,2.750,.364,.955,1.33,16,42,12,text,text
28,333,9324,11.893,.351,.650,4.55,3270,6057,718,text,text
11,94,1034,8.545,.280,.675,2.03,290,698,143,text,text
1,65,65,65.000,.646,1.00,3.00,42,65,14,horiz,horiz
38,96,3648,2.526,.431,.836,3.29,1574,3051,478,text,text
1,51,51,51.000,.471,1.00,2.40,24,51,10,horiz,horiz
10,31,310,3.100,.197,.652,1.30,61,202,47,text,text
7,48,336,6.857,.292,.804,1.53,98,270,64,text,text
7,20,140,2.857,.250,.593,1.35,35,83,26,text,text
12,168,2016,14.000,.255,.719,2.10,515,1449,245,text,text
9,93,837,10.333,.278,.847,1.66,233,709,140,text,text
5,6,30,1.200,.433,.900,1.63,13,27,8,text,text
20,39,780,1.950,.232,.585,3.42,181,456,53,text,picture
7,18,126,2.571,.167,.437,2.63,21,55,8,text,text
5,23,115,4.600,.322,1.00,1.32,37,115,28,text,text
2,45,90,22.500,.078,.944,1.17,7,85,6,text,text
5,27,135,5.400,.304,.889,1.41,41,120,29,text,text
8,12,96,1.500,.385,.698,2.47,37,67,15,text,text
9,49,441,5.444,.231,.685,1.46,102,302,70,text,text
6,75,450,12.500,.356,.973,1.47,160,438,109,text,text
16,337,5392,21.063,.363,.598,5.19,1956,3225,377,text,text
8,8,64,1.000,.406,.953,2.17,26,61,12,text,text
9,304,2736,33.778,.202,.749,1.32,554,2049,419,text,text
8,185,1480,23.125,.265,.611,1.97,392,905,199,text,text
6,13,78,2.167,.295,1.00,1.53,23,78,15,text,text
9,158,1422,17.556,.217,.535,1.45,308,761,212,text,text
8,14,112,1.750,.295,.857,1.83,33,96,18,text,text
9,27,243,3.000,.333,.918,1.69,81,223,48,text,text
25,300,7500,12.000,.065,.071,40.33,484,531,12,horiz,text
7,9,63,1.286,.429,.683,2.45,27,43,11,text,text
11,101,1111,9.182,.264,.852,1.65,293,947,178,text,text
13,104,1352,8.000,.198,.639,3.44,268,864,78,text,text
7,18,126,2.571,.286,.627,1.57,36,79,23,text,text
1,77,77,77.000,.403,1.00,5.17,31,77,6,horiz,horiz
9,1,9,.111,1.00,1.00,9.00,9,9,1,vert,vert
14,370,5180,26.429,.175,.648,1.64,907,3357,554,text,horiz
9,9,81,1.000,.321,.395,13.00,26,32,2,text,text
10,262,2620,26.200,.190,.601,1.32,499,1575,377,text,text
10,30,300,3.000,.300,.730,2.14,90,219,42,text,text
24,186,4464,7.750,.505,.989,7.40,2256,4413,305,text,text
8,7,56,.875,.429,1.00,2.18,24,56,11,text,text
10,271,2710,27.100,.267,.698,1.96,724,1892,369,text,text
7,21,147,3.000,.286,.850,1.35,42,125,31,text,text
5,3,15,.600,.600,.867,4.50,9,13,2,text,text
11,146,1606,13.273,.238,.580,1.83,383,932,209,text,text
10,22,220,2.200,.323,.814,2.09,71,179,34,text,text
9,6,54,.667,.370,.907,2.50,20,49,8,text,text
8,4,32,.500,.438,.594,7.00,14,19,2,picture,text
1,40,40,40.000,.200,1.00,1.14,8,40,7,text,text
9,23,207,2.556,.246,.570,1.82,51,118,28,text,text
6,11,66,1.833,.379,.818,1.67,25,54,15,text,text
8,43,344,5.375,.392,.927,2.21,135,319,61,text,text
8,40,320,5.000,.350,.906,1.81,112,290,62,text,text
10,12,120,1.200,.550,.875,4.71,66,105,14,text,text
8,12,96,1.500,.417,.927,1.74,40,89,23,text,text
2,19,38,9.500,.184,.789,1.40,7,30,5,text,text
15,54,810,3.600,.323,.689,2.45,262,558,107,text,text
9,55,495,6.111,.251,.808,1.43,124,400,87,text,text
14,98,1372,7.000,.308,.768,2.43,422,1054,174,text,text
5,5,25,1.000,.520,1.00,2.17,13,25,6,text,text
10,17,170,1.700,.382,1.00,2.41,65,170,27,text,text
11,275,3025,25.000,.287,.637,2.83,868,1928,307,text,text
2,19,38,9.500,.184,.553,3.50,7,21,2,text,text
5,39,195,7.800,.328,.744,2.06,64,145,31,text,text
11,22,242,2.000,.603,.888,8.59,146,215,17,text,text
6,10,60,1.667,.483,.933,2.07,29,56,14,text,text
98,3,294,.031,.480,.486,141.00,141,143,1,vert,text
5,4,20,.800,.450,.650,4.50,9,13,2,picture,text
7,315,2205,45.000,.056,.248,1.13,124,546,110,text,text
10,40,400,4.000,.295,.683,2.07,118,273,57,text,text
7,23,161,3.286,.298,.876,1.45,48,141,33,text,text
8,30,240,3.750,.450,.788,2.30,108,189,47,text,text
6,14,84,2.333,.393,.905,1.57,33,76,21,text,text
9,240,2160,26.667,.179,.605,1.26,386,1307,306,text,text
10,19,190,1.900,.600,.768,9.50,114,146,12,text,text
11,134,1474,12.182,.286,.777,2.36,422,1145,179,text,text
6,39,234,6.500,.192,.197,45.00,45,46,1,horiz,horiz
9,13,117,1.444,.564,.863,3.88,66,101,17,text,text
26,294,7644,11.308,.453,.917,7.60,3464,7010,456,text,text
8,69,552,8.625,.415,.984,2.16,229,543,106,text,text
5,19,95,3.800,.316,.916,1.50,30,87,20,text,text
6,18,108,3.000,.315,1.00,1.62,34,108,21,text,text
1,10,10,10.000,1.00,1.00,10.00,10,10,1,horiz,horiz
7,10,70,1.429,.286,.700,1.25,20,49,16,text,text
9,82,738,9.111,.320,.947,2.13,236,699,111,text,text
8,240,1920,30.000,.194,.515,1.34,373,988,279,text,text
8,14,112,1.750,.446,1.00,2.17,50,112,23,text,text
12,69,828,5.750,.407,.833,3.15,337,690,107,text,text
5,2,10,.400,.700,.700,7.00,7,7,1,text,text
7,56,392,8.000,.143,.401,1.56,56,157,36,text,text
11,71,781,6.455,.370,.726,2.41,289,567,120,text,text
10,35,350,3.500,.337,.711,2.62,118,249,45,text,text
10,23,230,2.300,.361,.774,2.44,83,178,34,text,text
13,239,3107,18.385,.239,.615,2.16,742,1912,343,text,text
22,72,1584,3.273,.469,.848,8.64,743,1343,86,text,text
9,111,999,12.333,.209,.571,1.57,209,570,133,text,text
10,59,590,5.900,.403,.792,2.98,238,467,80,text,text
9,82,738,9.111,.352,.798,2.63,260,589,99,text,text
10,16,160,1.600,.444,1.00,2.22,71,160,32,text,text
1,23,23,23.000,.826,1.00,19.00,19,23,1,horiz,horiz
11,37,407,3.364,.371,.899,2.01,151,366,75,text,text
8,13,104,1.625,.423,.990,1.76,44,103,25,text,text
7,72,504,10.286,.236,.651,1.70,119,328,70,text,text
11,20,220,1.818,.577,.882,8.47,127,194,15,text,text
12,272,3264,22.667,.329,.750,2.74,1075,2448,393,text,text
8,41,328,5.125,.265,.616,2.35,87,202,37,text,text
25,186,4650,7.440,.456,.868,8.06,2121,4035,263,text,text
7,6,42,.857,.500,.548,21.00,21,23,1,text,text
9,13,117,1.444,.239,.462,4.67,28,54,6,text,text
10,105,1050,10.500,.234,.811,1.70,246,852,145,text,text
12,43,516,3.583,.328,.789,2.56,169,407,66,text,text
9,81,729,9.000,.388,.897,2.38,283,654,119,text,text
3,4,12,1.333,.917,.917,11.00,11,11,1,text,text
9,18,162,2.000,.414,.877,2.31,67,142,29,text,text
5,15,75,3.000,.507,.787,3.17,38,59,12,text,text
8,42,336,5.250,.271,.813,1.54,91,273,59,text,text
6,47,282,7.833,.177,.450,1.61,50,127,31,text,picture
10,86,860,8.600,.423,.914,2.44,364,786,149,text,text
54,357,19278,6.611,.324,.644,6.22,6238,12422,1003,picture,picture
9,82,738,9.111,.306,.695,2.86,226,513,79,text,text
24,107,2568,4.458,.908,.982,16.91,2333,2523,138,text,text
12,409,4908,34.083,.302,.604,2.88,1482,2966,515,text,text
9,47,423,5.222,.333,.757,2.39,141,320,59,text,text
12,84,1008,7.000,.331,.792,2.35,334,798,142,text,text
6,97,582,16.167,.299,.701,1.85,174,408,94,text,text
5,23,115,4.600,.504,.783,2.42,58,90,24,text,text
13,284,3692,21.846,.205,.553,1.87,758,2040,405,text,text
7,10,70,1.429,.286,.771,2.22,20,54,9,text,text
11,32,352,2.909,.332,.815,1.86,117,287,63,text,text
7,11,77,1.571,.364,.935,1.40,28,72,20,text,text
5,94,470,18.800,.183,.798,1.62,86,375,53,text,text
5,4,20,.800,.450,.450,9.00,9,9,1,text,picture
9,107,963,11.889,.328,.656,2.08,316,632,152,text,text
10,17,170,1.700,.482,.759,6.83,82,129,12,text,text
8,43,344,5.375,.445,.860,2.73,153,296,56,text,text
7,15,105,2.143,.324,.762,3.09,34,80,11,text,text
11,179,1969,16.273,.330,.733,2.88,650,1444,226,text,text
8,24,192,3.000,.438,.839,1.95,84,161,43,text,text
9,41,369,4.556,.374,.881,2.26,138,325,61,text,text
7,20,140,2.857,.421,.829,2.46,59,116,24,text,text
7,64,448,9.143,.498,.911,2.93,223,408,76,text,text
9,111,999,12.333,.184,.771,1.60,184,770,115,text,text
9,65,585,7.222,.222,.786,1.35,130,460,96,text,text
10,103,1030,10.300,.250,.610,1.77,258,628,146,text,text
12,103,1236,8.583,.353,.724,2.55,436,895,171,text,text
9,18,162,2.000,.605,.895,7.00,98,145,14,text,text
9,20,180,2.222,.361,.872,1.86,65,157,35,text,text
10,25,250,2.500,.320,.648,2.00,80,162,40,text,text
12,118,1416,9.833,.255,.700,2.06,361,991,175,text,text
11,67,737,6.091,.331,.844,2.28,244,622,107,text,text
8,12,96,1.500,.396,.927,1.65,38,89,23,text,text
11,65,715,5.909,.390,.877,2.61,279,627,107,text,text
10,79,790,7.900,.324,.671,2.19,256,530,117,text,text
7,4,28,.571,.357,.571,5.00,10,16,2,text,text
10,30,300,3.000,.363,.710,2.42,109,213,45,text,text
10,1,10,.100,1.00,1.00,10.00,10,10,1,vert,vert
9,155,1395,17.222,.346,.731,2.44,483,1020,198,text,text
7,23,161,3.286,.329,.845,1.66,53,136,32,text,text
7,11,77,1.571,.299,.727,1.35,23,56,17,text,text
8,37,296,4.625,.182,.649,1.35,54,192,40,text,text
23,20,460,.870,.507,.672,21.18,233,309,11,text,text
16,405,6480,25.313,.382,.596,5.30,2476,3863,467,text,text
8,25,200,3.125,.385,.615,2.75,77,123,28,text,text
10,268,2680,26.800,.395,.590,5.88,1058,1581,180,text,text
12,176,2112,14.667,.302,.599,2.61,637,1265,244,text,text
7,20,140,2.857,.257,.750,1.33,36,105,27,text,text
6,97,582,16.167,.235,.703,1.71,137,409,80,text,text
10,26,260,2.600,.273,.815,1.87,71,212,38,text,text
9,81,729,9.000,.332,.974,2.09,242,710,116,text,text
52,48,2496,.923,.138,.248,7.67,345,619,45,picture,text
8,16,128,2.000,.422,.852,1.80,54,109,30,text,text
8,36,288,4.500,.323,.781,1.86,93,225,50,text,text
27,4,108,.148,.333,.667,2.57,36,72,14,vert,text
13,116,1508,8.923,.279,.658,2.30,421,992,183,text,text
5,13,65,2.600,.262,.692,1.42,17,45,12,text,text
10,55,550,5.500,.678,.827,6.32,373,455,59,text,text
1,42,42,42.000,.190,1.00,1.60,8,42,5,horiz,horiz
8,83,664,10.375,.357,.979,1.98,237,650,120,text,text
7,9,63,1.286,.444,.825,3.11,28,52,9,text,text
23,371,8533,16.130,.941,1.00,16.83,8027,8533,477,text,text
7,46,322,6.571,.304,.963,2.58,98,310,38,text,text
9,6,54,.667,.407,.519,5.50,22,28,4,picture,text
72,96,6912,1.333,.488,.582,15.69,3374,4025,215,graphic,text
6,13,78,2.167,.231,.487,3.00,18,38,6,text,text
9,508,4572,56.444,.160,.520,1.30,732,2379,563,text,text
10,240,2400,24.000,.383,.821,2.75,919,1971,334,text,text
9,1,9,.111,1.00,1.00,9.00,9,9,1,vert,vert
2,176,352,88.000,.528,.605,31.00,186,213,6,horiz,horiz
8,12,96,1.500,.479,1.00,2.19,46,96,21,text,text
9,49,441,5.444,.306,.773,1.82,135,341,74,text,text
11,271,2981,24.636,.177,.588,1.49,527,1752,353,text,text
7,13,91,1.857,.286,.868,1.37,26,79,19,text,text
13,44,572,3.385,.171,.712,1.61,98,407,61,text,text
9,83,747,9.222,.351,.726,2.94,262,542,89,text,text
8,16,128,2.000,.383,.742,2.33,49,95,21,text,text
15,31,465,2.067,.204,.465,3.96,95,216,24,text,text
7,7,49,1.000,.347,.633,2.83,17,31,6,text,text
2,236,472,118.00,.566,.689,10.27,267,325,26,horiz,horiz
1,78,78,78.000,.949,1.00,24.67,74,78,3,horiz,horiz
9,4,36,.444,.444,1.00,8.00,16,36,2,text,text
7,19,133,2.714,.406,.940,1.74,54,125,31,text,text
8,32,256,4.000,.230,.613,1.40,59,157,42,text,text
9,99,891,11.000,.380,.930,1.92,339,829,177,text,text
1,36,36,36.000,.583,1.00,5.25,21,36,4,horiz,horiz
29,48,1392,1.655,.116,.268,5.06,162,373,32,picture,graphic
7,227,1589,32.429,.217,.509,1.60,345,809,215,text,text
5,18,90,3.600,.467,.867,1.91,42,78,22,text,text
11,33,363,3.000,.295,.694,1.98,107,252,54,text,text
13,226,2938,17.385,.258,.971,3.12,759,2852,243,text,text
5,11,55,2.200,.345,.873,1.46,19,48,13,text,text
52,461,23972,8.865,.192,.248,11.52,4607,5938,400,picture,text
8,25,200,3.125,.240,.910,1.45,48,182,33,text,text
8,535,4280,66.875,.171,.697,1.27,731,2984,575,text,text
26,170,4420,6.538,.188,.909,1.54,833,4017,542,text,text
13,38,494,2.923,.334,.937,3.93,165,463,42,text,text
10,293,2930,29.300,.207,.596,1.53,606,1746,397,text,text
9,37,333,4.111,.453,.964,2.70,151,321,56,text,text
7,21,147,3.000,.327,.912,1.71,48,134,28,text,text
8,9,72,1.125,.375,.889,1.80,27,64,15,text,text
8,15,120,1.875,.258,.683,3.88,31,82,8,text,text
8,49,392,6.125,.413,.760,1.93,162,298,84,text,text
11,147,1617,13.364,.257,.761,1.58,416,1230,264,text,text
4,194,776,48.500,.263,.273,34.00,204,212,6,horiz,text
7,16,112,2.286,.250,.527,2.00,28,59,14,text,text
8,27,216,3.375,.435,.963,2.14,94,208,44,text,text
8,15,120,1.875,.417,.925,2.17,50,111,23,text,text
10,79,790,7.900,.347,.784,2.25,274,619,122,text,text
8,40,320,5.000,.456,.997,2.70,146,319,54,text,text
1,79,79,79.000,.608,1.00,6.86,48,79,7,horiz,horiz
11,8,88,.727,.693,.989,10.17,61,87,6,text,text
9,41,369,4.556,.425,.962,2.71,157,355,58,text,text
11,63,693,5.727,.413,.804,3.08,286,557,93,text,text
9,64,576,7.111,.307,.842,1.99,177,485,89,text,text
12,98,1176,8.167,.245,.624,2.23,288,734,129,text,text
16,181,2896,11.313,.400,.759,5.10,1157,2198,227,text,text
7,54,378,7.714,.267,.619,1.42,101,234,71,text,text
9,43,387,4.778,.481,.953,3.15,186,369,59,text,text
7,13,91,1.857,.264,.879,1.85,24,80,13,text,text
8,132,1056,16.500,.311,.873,2.01,328,922,163,text,text
7,20,140,2.857,.257,.879,1.13,36,123,32,text,text
9,508,4572,56.444,.164,.690,1.22,748,3154,614,text,text
9,18,162,2.000,.352,.901,1.84,57,146,31,text,text
12,56,672,4.667,.256,.827,2.02,172,556,85,text,text
8,9,72,1.125,.389,.792,2.00,28,57,14,text,text
6,100,600,16.667,.385,.828,1.72,231,497,134,text,text
59,84,4956,1.424,.659,.710,148.36,3264,3517,22,text,text
9,17,153,1.889,.144,.458,3.14,22,70,7,picture,text
9,12,108,1.333,.389,.852,2.33,42,92,18,text,text
8,9,72,1.125,.389,.708,2.33,28,51,12,text,text
8,214,1712,26.750,.421,.807,2.90,720,1382,248,text,text
1,45,45,45.000,.756,1.00,5.67,34,45,6,horiz,horiz
7,63,441,9.000,.338,.998,1.80,149,440,83,text,text
1,9,9,9.000,1.00,1.00,9.00,9,9,1,text,horiz
8,122,976,15.250,.227,.650,1.44,222,634,154,text,text
10,9,90,.900,.689,.789,10.33,62,71,6,text,text
11,262,2882,23.818,.242,.618,1.91,697,1781,364,text,text
8,39,312,4.875,.362,.881,1.74,113,275,65,text,text
8,17,136,2.125,.456,.824,2.38,62,112,26,text,text
13,354,4602,27.231,.380,.598,4.39,1749,2750,398,text,text
10,4,40,.400,.350,.900,1.75,14,36,8,text,text
11,100,1100,9.091,.473,.882,3.29,520,970,158,text,text
7,193,1351,27.571,.206,.813,1.37,278,1099,203,text,text
10,9,90,.900,.356,.933,1.60,32,84,20,text,text
19,12,228,.632,.303,.439,7.67,69,100,9,text,text
10,63,630,6.300,.233,.705,1.69,147,444,87,text,text
7,21,147,3.000,.293,.810,1.34,43,119,32,text,text
11,301,3311,27.364,.308,.735,2.22,1019,2435,458,text,text
7,13,91,1.857,.396,1.00,1.33,36,91,27,text,text
10,27,270,2.700,.630,.833,6.07,170,225,28,text,text
8,30,240,3.750,.383,.983,1.88,92,236,49,text,text
9,97,873,10.778,.466,.973,2.42,407,849,168,text,text
8,12,96,1.500,.427,.927,2.05,41,89,20,text,text
6,97,582,16.167,.232,.852,1.55,135,496,87,text,text
7,31,217,4.429,.281,.682,1.56,61,148,39,text,text
7,17,119,2.429,.336,.908,1.48,40,108,27,text,text
10,7,70,.700,.314,.857,1.83,22,60,12,text,text
10,13,130,1.300,.108,.685,2.33,14,89,6,text,text
6,46,276,7.667,.315,.750,2.12,87,207,41,text,text
7,14,98,2.000,.245,.867,1.85,24,85,13,text,text
9,26,234,2.889,.316,.880,1.85,74,206,40,text,text
10,57,570,5.700,.326,.695,1.98,186,396,94,text,text
9,457,4113,50.778,.173,.630,1.28,712,2590,555,text,text
9,37,333,4.111,.538,.901,2.80,179,300,64,text,text
7,9,63,1.286,.381,.952,1.85,24,60,13,text,text
9,44,396,4.889,.341,.677,2.55,135,268,53,text,text
13,45,585,3.462,.429,.566,6.61,251,331,38,text,text
9,20,180,2.222,.350,.728,1.91,63,131,33,text,text
8,83,664,10.375,.404,.741,2.58,268,492,104,text,text
8,45,360,5.625,.156,.725,1.87,56,261,30,text,text
7,4,28,.571,.321,.679,9.00,9,19,1,text,text
9,172,1548,19.111,.167,.678,1.28,258,1050,202,text,text
8,180,1440,22.500,.213,.794,1.39,306,1143,220,text,text
5,8,40,1.600,.375,.475,15.00,15,19,1,text,text
14,38,532,2.714,.227,.844,2.95,121,449,41,text,text
25,178,4450,7.120,.490,.896,7.90,2181,3988,276,text,text
2,535,1070,267.50,.545,.629,24.29,583,673,24,horiz,horiz
33,160,5280,4.848,.219,.389,6.34,1154,2054,182,text,text
1,71,71,71.000,.521,1.00,2.31,37,71,16,horiz,horiz
9,109,981,12.111,.243,.848,1.58,238,832,151,text,text
7,33,231,4.714,.351,.987,1.53,81,228,53,text,text
10,119,1190,11.900,.202,.842,1.59,240,1002,151,text,text
10,51,510,5.100,.337,.773,2.12,172,394,81,text,text
9,270,2430,30.000,.111,.495,1.27,270,1204,213,text,text
14,1,14,.071,1.00,1.00,14.00,14,14,1,vert,vert
11,168,1848,15.273,.234,.723,1.55,432,1337,279,text,text
12,48,576,4.000,.252,.755,1.71,145,435,85,text,text
10,130,1300,13.000,.486,.856,3.18,632,1113,199,text,text
7,197,1379,28.143,.072,.326,1.50,99,450,66,text,text
16,205,3280,12.813,.401,.799,5.36,1314,2622,245,text,text
1,44,44,44.000,.909,1.00,20.00,40,44,2,horiz,horiz
9,123,1107,13.667,.359,.898,2.78,397,994,143,text,text
8,70,560,8.750,.463,.986,2.31,259,552,112,text,text
8,41,328,5.125,.424,.966,2.53,139,317,55,text,text
10,10,100,1.000,.560,.690,28.00,56,69,2,text,text
10,15,150,1.500,.273,.947,1.41,41,142,29,text,text
8,23,184,2.875,.375,.880,2.09,69,162,33,text,text
13,37,481,2.846,.322,.992,3.52,155,477,44,text,text
10,39,390,3.900,.344,.590,2.79,134,230,48,text,text
10,17,170,1.700,.506,.771,7.82,86,131,11,text,text
9,36,324,4.000,.552,.926,3.51,179,300,51,text,text
8,241,1928,30.125,.119,.498,1.26,230,960,182,text,text
9,91,819,10.111,.321,.908,1.95,263,744,135,text,text
8,6,48,.750,.417,.917,2.22,20,44,9,text,text
9,32,288,3.556,.240,.913,1.50,69,263,46,text,text
8,523,4184,65.375,.060,.305,1.20,250,1277,209,text,text
4,10,40,2.500,.300,.650,3.00,12,26,4,text,text
6,13,78,2.167,.359,.782,1.33,28,61,21,text,text
7,12,84,1.714,.452,.952,2.00,38,80,19,text,text
9,50,450,5.556,.496,.958,2.69,223,431,83,text,text
8,14,112,1.750,.509,.768,3.00,57,86,19,text,text
10,19,190,1.900,.300,.905,1.68,57,172,34,text,text
14,217,3038,15.500,.268,.632,2.12,813,1919,383,text,text
197,198,39006,1.005,.273,.332,46.93,10654,12964,227,picture,text
6,39,234,6.500,.393,.927,1.77,92,217,52,text,text
5,13,65,2.600,.262,.769,2.43,17,50,7,text,text
31,37,1147,1.194,.189,.555,2.07,217,637,105,picture,picture
7,26,182,3.714,.302,.912,1.53,55,166,36,text,text
6,12,72,2.000,.278,1.00,2.22,20,72,9,text,text
5,46,230,9.200,.278,.835,2.21,64,192,29,text,text
12,72,864,6.000,.228,.780,1.79,197,674,110,text,text
6,17,102,2.833,.343,.873,1.30,35,89,27,text,text
22,69,1518,3.136,.516,.848,10.59,784,1287,74,text,text
11,32,352,2.909,.256,.534,2.00,90,188,45,text,text
10,79,790,7.900,.385,.880,2.13,304,695,143,text,text
7,9,63,1.286,.349,.905,2.20,22,57,10,text,text
11,97,1067,8.818,.266,.635,2.04,284,678,139,text,text
8,10,80,1.250,.313,.675,1.92,25,54,13,text,text
6,15,90,2.500,.267,.833,2.00,24,75,12,text,text
14,5,70,.357,.443,.514,6.20,31,36,5,text,text
5,14,70,2.800,.457,1.00,1.52,32,70,21,text,text
5,58,290,11.600,.200,.745,1.41,58,216,41,text,text
7,11,77,1.571,.143,.558,1.57,11,43,7,text,text
7,21,147,3.000,.306,.741,1.67,45,109,27,text,text
11,8,88,.727,.602,1.00,5.89,53,88,9,text,text
8,96,768,12.000,.111,.479,1.35,85,368,63,text,text
5,17,85,3.400,.412,.941,1.75,35,80,20,text,text
7,4,28,.571,.286,.964,8.00,8,27,1,text,text
8,72,576,9.000,.399,.811,2.25,230,467,102,text,text
8,45,360,5.625,.297,.564,1.88,107,203,57,text,text
7,1,7,.143,1.00,1.00,7.00,7,7,1,vert,vert
11,118,1298,10.727,.260,.817,2.01,338,1061,168,text,text
8,9,72,1.125,.403,.722,1.93,29,52,15,text,text
7,24,168,3.429,.274,.661,1.48,46,111,31,text,text
9,166,1494,18.444,.336,.723,2.38,502,1080,211,text,text
10,504,5040,50.400,.139,.665,1.19,701,3352,590,text,picture
8,90,720,11.250,.207,.738,1.54,149,531,97,text,text
1,33,33,33.000,.364,1.00,1.09,12,33,11,text,horiz
4,16,64,4.000,.391,.938,1.67,25,60,15,text,text
7,17,119,2.429,.227,.891,1.50,27,106,18,text,text
4,4,16,1.000,.563,.938,4.50,9,15,2,text,text
3,27,81,9.000,.481,.926,1.77,39,75,22,text,horiz
9,132,1188,14.667,.189,.588,1.54,225,698,146,text,text
14,402,5628,28.714,.399,.631,4.75,2248,3554,473,text,text
10,41,410,4.100,.278,.632,1.93,114,259,59,text,text
8,53,424,6.625,.347,.767,1.93,147,325,76,text,text
6,5,30,.833,.233,.633,1.75,7,19,4,picture,text
5,11,55,2.200,.400,.927,1.57,22,51,14,text,text
7,40,280,5.714,.336,.971,1.57,94,272,60,text,text
9,34,306,3.778,.363,.863,1.76,111,264,63,text,text
53,48,2544,.906,.181,.374,4.69,460,951,98,picture,text
7,136,952,19.429,.180,.775,1.20,171,738,142,text,text
9,5,45,.556,.378,.933,2.83,17,42,6,text,text
7,15,105,2.143,.114,.295,2.40,12,31,5,picture,text
2,538,1076,269.00,.637,.703,29.78,685,756,23,horiz,horiz
12,84,1008,7.000,.430,.703,3.52,433,709,123,text,text
14,38,532,2.714,.244,.489,2.95,130,260,44,text,text
10,131,1310,13.100,.439,.845,2.79,575,1107,206,text,text
5,63,315,12.600,.210,.914,1.47,66,288,45,text,text
10,9,90,.900,.644,.689,58.00,58,62,1,text,text
7,17,119,2.429,.336,.874,1.74,40,104,23,text,text
24,157,3768,6.542,.905,.958,18.34,3411,3609,186,text,text
11,13,143,1.182,.420,.979,2.22,60,140,27,text,text
14,416,5824,29.714,.384,.617,4.64,2234,3594,481,text,text
83,326,27058,3.928,.286,.671,7.55,7741,18149,1025,picture,picture
6,18,108,3.000,.287,.741,4.43,31,80,7,text,text
7,9,63,1.286,.317,.984,2.22,20,62,9,text,text
9,71,639,7.889,.294,.762,2.16,188,487,87,text,text
8,75,600,9.375,.228,.662,1.37,137,397,100,text,text
9,10,90,1.111,.389,.889,1.94,35,80,18,text,text
11,43,473,3.909,.336,.753,2.74,159,356,58,text,text
8,21,168,2.625,.262,.696,1.52,44,117,29,text,text
1,14,14,14.000,.643,1.00,4.50,9,14,2,horiz,horiz
11,20,220,1.818,.564,.918,8.86,124,202,14,text,text
10,83,830,8.300,.357,.813,2.28,296,675,130,text,text
8,263,2104,32.875,.154,.549,1.19,325,1156,274,text,text
2,535,1070,267.50,.564,.614,40.20,603,657,15,horiz,horiz
8,42,336,5.250,.363,.970,2.18,122,326,56,text,text
12,72,864,6.000,.638,.918,6.12,551,793,90,text,text
4,10,40,2.500,.600,.800,4.00,24,32,6,text,text
13,228,2964,17.538,.264,.942,3.29,783,2791,238,text,text
7,20,140,2.857,.429,.993,2.00,60,139,30,text,text
8,80,640,10.000,.347,.933,1.75,222,597,127,text,text
11,184,2024,16.727,.455,.760,4.72,920,1539,195,text,text
6,17,102,2.833,.245,.598,1.56,25,61,16,text,text
10,8,80,.800,.688,1.00,9.17,55,80,6,text,text
11,272,2992,24.727,.281,.680,2.00,840,2036,420,text,text
10,83,830,8.300,.266,.827,2.10,221,686,105,text,text
7,21,147,3.000,.286,.857,1.35,42,126,31,text,text
9,95,855,10.556,.284,.849,1.91,243,726,127,text,text
8,12,96,1.500,.396,.844,2.11,38,81,18,text,text
9,20,180,2.222,.550,.733,9.90,99,132,10,text,text
7,13,91,1.857,.286,.923,2.60,26,84,10,text,text
9,18,162,2.000,.241,.981,1.44,39,159,27,text,text
7,61,427,8.714,.321,.667,1.90,137,285,72,text,text
11,167,1837,15.182,.371,.800,2.86,681,1470,238,text,text
21,106,2226,5.048,.136,.396,1.99,302,881,152,text,text
8,50,400,6.250,.360,.728,1.97,144,291,73,text,text
1,145,145,145.00,.972,1.00,35.25,141,145,4,horiz,horiz
13,337,4381,25.923,.185,.751,1.58,811,3291,514,text,text
7,155,1085,22.143,.178,.614,1.46,193,666,132,text,text
5,38,190,7.600,.426,.989,1.42,81,188,57,text,text
14,12,168,.857,.661,.851,9.25,111,143,12,text,text
8,20,160,2.500,.500,1.00,2.76,80,160,29,text,text
12,117,1404,9.750,.220,.673,1.68,309,945,184,text,text
9,87,783,9.667,.444,.962,2.37,348,753,147,text,text
10,37,370,3.700,.324,.692,1.85,120,256,65,text,text
8,29,232,3.625,.401,.884,2.38,93,205,39,text,text
8,16,128,2.000,.234,.922,1.58,30,118,19,text,text
7,42,294,6.000,.262,.738,1.79,77,217,43,text,text
16,344,5504,21.500,.373,.572,5.73,2053,3146,358,text,text
1,206,206,206.00,.990,1.00,204.00,204,206,1,horiz,horiz
8,71,568,8.875,.136,.384,1.31,77,218,59,text,text
8,109,872,13.625,.219,.595,1.61,191,519,119,text,text
74,183,13542,2.473,.544,.612,127.00,7366,8289,58,text,text
8,12,96,1.500,.417,.969,2.11,40,93,19,text,text
11,24,264,2.182,.307,.795,2.08,81,210,39,text,text
6,9,54,1.500,.296,.796,1.23,16,43,13,text,text
5,280,1400,56.000,.780,.786,156.00,1092,1100,7,horiz,text
9,19,171,2.111,.550,.860,7.23,94,147,13,text,text
8,7,56,.875,.482,.946,2.70,27,53,10,text,text
10,474,4740,47.400,.187,.578,1.51,886,2740,585,text,text
1,40,40,40.000,1.00,1.00,40.00,40,40,1,horiz,horiz
9,102,918,11.333,.357,.867,2.43,328,796,135,text,text
7,79,553,11.286,.566,.967,3.56,313,535,88,text,text
6,57,342,9.500,.453,.906,2.46,155,310,63,text,text
12,23,276,1.917,.576,.790,9.94,159,218,16,text,text
6,96,576,16.000,.217,.797,1.45,125,459,86,text,text
11,104,1144,9.455,.394,.824,2.97,451,943,152,text,text
10,271,2710,27.100,.197,.748,1.38,533,2027,386,text,text
117,1,117,.009,1.00,1.00,117.00,117,117,1,vert,vert
5,92,460,18.400,.287,.604,1.38,132,278,96,text,text
6,9,54,1.500,.556,1.00,2.14,30,54,14,text,text
8,10,80,1.250,.425,.925,2.13,34,74,16,text,text
8,24,192,3.000,.323,.688,2.21,62,132,28,text,text
8,40,320,5.000,.463,.969,2.47,148,310,60,text,text
13,188,2444,14.462,.188,.710,1.67,460,1736,275,text,text
5,34,170,6.800,.141,.594,1.26,24,101,19,text,text
7,101,707,14.429,.501,.973,3.19,354,688,111,text,text
7,4,28,.571,.250,.857,1.75,7,24,4,text,text
8,245,1960,30.625,.198,.555,1.36,389,1088,286,text,text
5,16,80,3.200,.313,.813,2.08,25,65,12,text,text
5,20,100,4.000,.170,.480,1.55,17,48,11,text,text
11,64,704,5.818,.250,.597,2.00,176,420,88,text,text
8,35,280,4.375,.396,.986,1.88,111,276,59,text,text
10,52,520,5.200,.269,.850,2.00,140,442,70,text,text
11,102,1122,9.273,.223,.768,1.53,250,862,163,text,text
9,120,1080,13.333,.331,.859,1.98,358,928,181,text,text
1,177,177,177.00,.203,1.00,1.03,36,177,35,text,text
9,80,720,8.889,.333,.914,2.09,240,658,115,text,text
10,249,2490,24.900,.462,.842,3.53,1151,2097,326,text,text
13,267,3471,20.538,.401,.662,4.87,1392,2299,286,text,text
7,9,63,1.286,.286,.968,1.20,18,61,15,text,text
1,67,67,67.000,.985,1.00,66.00,66,67,1,horiz,horiz
9,15,135,1.667,.378,.963,2.43,51,130,21,text,text
4,95,380,23.750,.311,.979,1.51,118,372,78,text,text
3,537,1611,179.00,.345,.405,22.24,556,652,25,horiz,horiz
12,414,4968,34.500,.313,.734,2.30,1554,3646,675,text,text
9,16,144,1.778,.215,.764,1.55,31,110,20,text,text
6,20,120,3.333,.258,.975,1.29,31,117,24,text,text
8,8,64,1.000,.250,.672,1.60,16,43,10,text,text
8,15,120,1.875,.325,.833,1.86,39,100,21,text,text
17,350,5950,20.588,.363,.577,5.22,2162,3433,414,text,text
9,20,180,2.222,.367,.900,2.20,66,162,30,text,text
10,330,3300,33.000,.225,.771,1.44,744,2545,518,text,text
4,44,176,11.000,.267,.614,1.81,47,108,26,text,text
7,11,77,1.571,.351,.727,1.50,27,56,18,text,text
16,106,1696,6.625,.192,.593,1.49,325,1005,218,text,text
28,32,896,1.143,.459,.730,5.96,411,654,69,text,graphic
9,20,180,2.222,.361,.700,2.32,65,126,28,text,text
12,73,876,6.083,.259,.743,2.10,227,651,108,text,text
8,75,600,9.375,.328,.888,1.86,197,533,106,text,text
38,52,1976,1.368,.452,.911,3.49,894,1801,256,text,text
7,12,84,1.714,.393,.690,2.36,33,58,14,text,text
2,20,40,10.000,.675,.675,27.00,27,27,1,horiz,horiz
25,340,8500,13.600,.866,.926,16.57,7358,7872,444,text,text
1,109,109,109.00,.183,1.00,1.05,20,109,19,text,text
7,16,112,2.286,.295,.920,1.18,33,103,28,text,text
8,29,232,3.625,.453,.996,2.10,105,231,50,text,text
8,19,152,2.375,.382,.724,1.93,58,110,30,text,text
9,46,414,5.111,.338,.872,1.67,140,361,84,text,text
9,509,4581,56.556,.096,.379,1.34,439,1736,328,text,text
7,13,91,1.857,.286,.934,1.63,26,85,16,text,text
8,9,72,1.125,.389,.736,2.15,28,53,13,text,text
7,173,1211,24.714,.207,.860,1.34,251,1042,187,text,text
11,84,924,7.636,.251,.681,1.77,232,629,131,text,text
8,168,1344,21.000,.320,.909,1.76,430,1222,245,text,text
8,16,128,2.000,.359,.781,2.00,46,100,23,text,text
7,123,861,17.571,.139,.674,1.26,120,580,95,text,picture
8,152,1216,19.000,.270,.623,2.00,328,757,164,text,text
9,195,1755,21.667,.126,.383,1.53,221,673,144,text,text
7,86,602,12.286,.281,.958,1.55,169,577,109,text,text
9,20,180,2.222,.628,.856,8.07,113,154,14,text,text
7,13,91,1.857,.670,.890,7.63,61,81,8,text,text
1,7,7,7.000,1.00,1.00,7.00,7,7,1,horiz,text
7,128,896,18.286,.265,.720,1.69,237,645,140,text,text
9,78,702,8.667,.329,.896,2.10,231,629,110,text,text
11,100,1100,9.091,.269,.765,1.90,296,842,156,text,text
8,130,1040,16.250,.360,.876,2.21,374,911,169,text,text
9,520,4680,57.778,.081,.308,1.37,378,1441,276,text,text
6,10,60,1.667,.333,.750,1.54,20,45,13,text,text
10,282,2820,28.200,.191,.701,1.43,540,1977,378,text,text
9,250,2250,27.778,.360,.733,2.56,810,1649,316,text,text
7,35,245,5.000,.453,.873,2.47,111,214,45,text,text
8,22,176,2.750,.375,.909,1.78,66,160,37,text,text
8,16,128,2.000,.344,.742,1.52,44,95,29,text,text
7,9,63,1.286,.317,.810,1.54,20,51,13,text,text
8,68,544,8.500,.540,.974,3.03,294,530,97,text,text
6,7,42,1.167,.714,.857,30.00,30,36,1,text,horiz
10,23,230,2.300,.248,.678,2.19,57,156,26,text,text
7,45,315,6.429,.254,.813,1.40,80,256,57,text,text
8,109,872,13.625,.271,.864,1.83,236,753,129,text,text
10,121,1210,12.100,.370,.873,2.41,448,1056,186,text,text
8,5,40,.625,.450,1.00,3.00,18,40,6,text,text
9,150,1350,16.667,.284,.756,1.76,384,1020,218,text,text
9,157,1413,17.444,.222,.540,1.58,313,763,198,text,text
8,17,136,2.125,.309,.676,2.33,42,92,18,text,text
10,1,10,.100,1.00,1.00,10.00,10,10,1,vert,vert
11,233,2563,21.182,.245,.677,1.80,629,1734,349,text,text
9,91,819,10.111,.233,.789,1.71,191,646,112,text,text
5,2,10,.400,.800,.800,8.00,8,8,1,text,vert
17,24,408,1.412,.407,.809,4.88,166,330,34,text,text
9,174,1566,19.333,.178,.737,1.71,279,1154,163,text,text
1,17,17,17.000,1.00,1.00,17.00,17,17,1,horiz,horiz
8,59,472,7.375,.381,.873,2.77,180,412,65,text,text
8,34,272,4.250,.309,.908,1.50,84,247,56,text,text
14,410,5740,29.286,.241,.592,2.40,1382,3400,576,text,text
7,40,280,5.714,.250,.832,1.59,70,233,44,text,text
8,12,96,1.500,.583,.813,6.22,56,78,9,text,text
5,8,40,1.600,.425,.975,1.55,17,39,11,text,text
11,44,484,4.000,.308,.818,2.01,149,396,74,text,text
14,58,812,4.143,.683,.927,12.07,555,753,46,text,text
3,14,42,4.667,.381,.881,3.20,16,37,5,text,horiz
9,24,216,2.667,.213,.468,1.28,46,101,36,text,text
10,33,330,3.300,.367,.864,1.95,121,285,62,text,text
12,89,1068,7.417,.429,.879,3.50,458,939,131,text,text
8,52,416,6.500,.450,.921,2.88,187,383,65,text,text
9,20,180,2.222,.233,.500,1.62,42,90,26,text,text
8,5,40,.625,.475,1.00,2.38,19,40,8,text,text
5,15,75,3.000,.560,.920,2.21,42,69,19,text,text
9,274,2466,30.444,.158,.580,1.31,390,1431,298,text,text
10,33,330,3.300,.294,.791,1.83,97,261,53,text,text
9,18,162,2.000,.630,.944,7.29,102,153,14,text,text
